Time,Emotion
0.5918276309967041,neutral
0.9644956588745117,neutral
1.068934679031372,neutral
1.1678531169891357,neutral
1.2659626007080078,neutral
1.3596909046173096,neutral
1.4595155715942383,neutral
1.5541906356811523,neutral
1.6562962532043457,neutral
1.7980883121490479,neutral
1.8962798118591309,neutral
1.9880471229553223,neutral
2.07690691947937,neutral
2.496129035949707,sad
2.5833675861358643,sad
3.5241119861602783,neutral
3.6183929443359375,neutral
3.7213187217712402,neutral
4.505590200424194,neutral
4.6062257289886475,neutral
5.088915109634399,neutral
5.201753377914429,neutral
5.373214483261108,neutral
5.481889247894287,neutral
5.6391520500183105,neutral
5.894614934921265,neutral
6.171175718307495,neutral
6.28464674949646,neutral
6.401855945587158,neutral
6.517052888870239,neutral
6.630658149719238,neutral
6.741811037063599,neutral
6.859265089035034,neutral
6.970935106277466,neutral
7.39750337600708,neutral
7.6223320960998535,neutral
7.956876754760742,neutral
8.061016082763672,neutral
8.159152269363403,neutral
8.260274171829224,neutral
8.364894390106201,neutral
8.463125705718994,neutral
8.613361835479736,neutral
8.708005428314209,neutral
8.801296949386597,neutral
9.196556329727173,neutral
9.290738821029663,neutral
9.387783288955688,neutral
10.080498695373535,neutral
10.174126863479614,neutral
10.267275333404541,neutral
10.361985683441162,neutral
10.806086301803589,neutral
10.900506734848022,neutral
10.994244575500488,neutral
11.087419033050537,neutral
11.179409980773926,neutral
11.3577139377594,sad
11.49589490890503,sad
11.592029094696045,sad
11.840492725372314,sad
12.03673791885376,neutral
12.136170625686646,neutral
12.227757930755615,neutral
12.32605266571045,neutral
12.4219491481781,neutral
12.522394895553589,neutral
12.621004104614258,neutral
12.720184326171875,neutral
12.81727647781372,neutral
12.912513256072998,neutral
13.010129690170288,neutral
13.204323291778564,neutral
13.305968761444092,neutral
13.402090549468994,neutral
13.49664855003357,neutral
13.594291925430298,neutral
13.69221043586731,neutral
13.785836458206177,neutral
14.158813238143921,neutral
14.497078895568848,sad
14.781956911087036,sad
14.87663722038269,sad
14.980786085128784,sad
15.07222032546997,sad
16.07647204399109,sad
16.17063593864441,sad
16.258227348327637,sad
17.18320345878601,neutral
18.630838632583618,neutral
19.934446811676025,neutral
20.249529600143433,neutral
20.397300243377686,neutral
20.499865770339966,neutral
20.63983464241028,neutral
21.00851583480835,neutral
21.112138509750366,neutral
21.214850664138794,neutral
21.334060192108154,neutral
21.606138944625854,neutral
21.704779386520386,neutral
21.80899715423584,neutral
21.915582180023193,neutral
22.02973508834839,neutral
22.137498378753662,neutral
22.237852096557617,neutral
22.33198308944702,sad
22.43177819252014,sad
22.53040862083435,sad
22.629051685333252,sad
22.83136820793152,neutral
22.93116784095764,neutral
23.02880024909973,neutral
23.13863778114319,neutral
23.29246759414673,neutral
23.391687393188477,neutral
23.504358291625977,neutral
23.607014179229736,neutral
23.708367347717285,neutral
26.382608652114868,neutral
26.477778673171997,neutral
26.57457208633423,neutral
27.034270763397217,sad
27.13209056854248,sad
27.225977897644043,sad
27.410714387893677,neutral
27.552026748657227,neutral
27.652732133865356,neutral
27.757924556732178,neutral
27.859036445617676,neutral
27.96235752105713,neutral
28.168592929840088,neutral
28.454006671905518,sad
28.746304035186768,sad
28.851880073547363,sad
29.049630880355835,neutral
29.147775888442993,neutral
29.240403175354004,neutral
29.343019485473633,neutral
29.44082546234131,neutral
29.543981313705444,neutral
29.647130012512207,neutral
29.74002242088318,neutral
29.841668605804443,neutral
29.937800407409668,neutral
30.029815196990967,neutral
30.127965688705444,neutral
30.230535745620728,neutral
30.324150323867798,neutral
30.41760516166687,neutral
30.513001918792725,neutral
30.70488429069519,sad
30.801689624786377,sad
30.909825325012207,sad
30.999449491500854,sad
31.280988693237305,neutral
31.381624221801758,neutral
31.488706350326538,neutral
31.982801914215088,sad
32.074421405792236,sad
32.173210859298706,neutral
32.46675205230713,sad
32.57179355621338,sad
32.67573928833008,sad
32.778364419937134,sad
32.87598180770874,sad
32.97238206863403,sad
33.08251452445984,sad
33.17712330818176,sad
33.27870321273804,sad
33.37431216239929,sad
33.477071046829224,sad
33.57904624938965,sad
33.682196378707886,sad
33.78398537635803,sad
34.085798501968384,neutral
34.39068794250488,neutral
34.48643517494202,neutral
34.58404183387756,neutral
35.28177261352539,neutral
35.3704469203949,neutral
35.462711334228516,neutral
35.71321630477905,neutral
35.80082035064697,neutral
35.89792728424072,neutral
36.49161624908447,neutral
36.58125329017639,neutral
36.67838525772095,neutral
36.767486810684204,neutral
36.95273804664612,neutral
37.244300842285156,neutral
37.43609642982483,neutral
37.54223275184631,neutral
37.64926028251648,neutral
38.2219443321228,neutral
38.64817214012146,neutral
39.02070379257202,neutral
39.12484526634216,neutral
39.22623825073242,neutral
39.331440925598145,neutral
39.4425413608551,neutral
39.54412794113159,neutral
39.660162687301636,neutral
39.77022576332092,neutral
40.993420124053955,neutral
41.10158586502075,neutral
41.40474605560303,neutral
41.504624366760254,neutral
41.65195035934448,neutral
41.75313401222229,neutral
41.84572792053223,neutral
42.041290044784546,neutral
42.134618043899536,neutral
42.23724007606506,neutral
42.333271503448486,neutral
42.532238721847534,neutral
42.93100690841675,neutral
43.19332265853882,neutral
44.20712089538574,neutral
44.31017875671387,neutral
44.41101694107056,neutral
44.59680914878845,sad
44.69301414489746,sad
44.793986558914185,sad
44.89224934577942,neutral
44.99234914779663,neutral
45.08901596069336,neutral
45.19334888458252,sad
45.291231870651245,sad
46.000144481658936,neutral
46.11288070678711,sad
46.31632590293884,sad
46.41819095611572,sad
46.51771807670593,sad
46.72250699996948,neutral
46.93636226654053,neutral
47.03334045410156,neutral
47.13821220397949,neutral
47.249178886413574,neutral
47.35943388938904,neutral
47.47052550315857,sad
47.695054054260254,sad
47.79822278022766,sad
47.91269063949585,sad
48.0128710269928,sad
48.121264696121216,sad
48.22241497039795,sad
48.32063817977905,sad
48.42296552658081,sad
48.66958689689636,neutral
48.77573490142822,neutral
49.04147410392761,sad
49.146626234054565,neutral
49.242730379104614,neutral
49.582603216171265,sad
49.68325185775757,sad
49.788198471069336,sad
49.98899507522583,neutral
50.105669021606445,neutral
50.21599984169006,neutral
50.32265305519104,neutral
50.426807165145874,neutral
50.747015714645386,neutral
51.44559359550476,neutral
51.54911708831787,neutral
51.652939796447754,neutral
51.76266694068909,neutral
52.47619605064392,neutral
52.580790519714355,neutral
52.68588185310364,neutral
52.88692784309387,neutral
52.9955780506134,neutral
53.205382347106934,neutral
53.31696343421936,neutral
53.434258222579956,neutral
53.53641080856323,neutral
53.64055514335632,neutral
53.74156355857849,neutral
53.84445405006409,neutral
54.021857023239136,neutral
54.13267803192139,neutral
54.24282360076904,neutral
54.35916185379028,neutral
54.46640205383301,neutral
55.13580274581909,neutral
55.575326681137085,neutral
55.95640325546265,sad
56.05743145942688,sad
56.16309309005737,sad
56.46714115142822,sad
56.5672664642334,sad
56.667399883270264,sad
56.76535415649414,sad
56.867061138153076,sad
56.96247720718384,sad
57.05608820915222,sad
57.15933179855347,sad
57.46033453941345,sad
57.609095335006714,sad
57.89956212043762,sad
58.0954704284668,neutral
58.4118595123291,neutral
58.61807155609131,neutral
58.86727046966553,neutral
59.072474002838135,neutral
59.1711003780365,neutral
59.27251315116882,neutral
59.371129512786865,neutral
59.47245764732361,neutral
59.69328713417053,neutral
59.99266052246094,sad
60.090283155441284,sad
60.19049286842346,sad
60.80624079704285,sad
60.90328621864319,sad
60.99647068977356,sad
61.09602189064026,sad
61.532124280929565,neutral
61.64623308181763,neutral
61.75638508796692,neutral
61.96679449081421,neutral
62.069488525390625,neutral
62.582468032836914,neutral
62.68416500091553,neutral
62.82344365119934,neutral
62.92761468887329,neutral
63.0178325176239,neutral
64.13259029388428,neutral
64.23422861099243,neutral
64.33049869537354,neutral
64.42618012428284,neutral
64.52633786201477,neutral
64.63049364089966,neutral
64.73793315887451,neutral
64.83614611625671,neutral
64.93884515762329,neutral
65.04274582862854,neutral
65.2162652015686,neutral
65.31086587905884,neutral
65.41416835784912,neutral
65.50408411026001,neutral
65.59680151939392,neutral
65.69504833221436,neutral
65.78766202926636,neutral
66.977778673172,angry
67.07641363143921,angry
68.3930869102478,neutral
68.49488687515259,neutral
68.60077691078186,neutral
69.20976305007935,neutral
69.51185917854309,sad
70.20643854141235,neutral
70.3661253452301,neutral
70.4662697315216,neutral
70.57159209251404,neutral
70.68242263793945,neutral
70.78857064247131,neutral
70.90930914878845,neutral
71.02054142951965,neutral
71.13420462608337,neutral
71.24839162826538,neutral
71.36276245117188,neutral
71.47495555877686,neutral
71.59263062477112,neutral
71.71034526824951,neutral
71.830007314682,neutral
71.94068932533264,neutral
72.79994559288025,neutral
73.36129879951477,neutral
73.46092700958252,neutral
73.75963830947876,neutral
74.09899497032166,neutral
74.24632716178894,neutral
74.35146021842957,neutral
74.45112776756287,neutral
74.55684471130371,neutral
74.66448163986206,neutral
74.760995388031,neutral
75.92189121246338,neutral
76.30002093315125,neutral
76.39328598976135,neutral
76.49830269813538,neutral
76.59441685676575,neutral
76.70921111106873,neutral
76.81900405883789,neutral
76.9794557094574,neutral
77.09105968475342,neutral
77.23559308052063,neutral
77.44175553321838,neutral
77.65029287338257,neutral
77.75935864448547,neutral
77.85975360870361,neutral
77.95942258834839,neutral
78.0583119392395,neutral
78.16164016723633,neutral
78.2598307132721,neutral
78.46260070800781,sad
78.55716800689697,sad
78.65843296051025,sad
78.86897540092468,sad
78.96413350105286,sad
79.06081199645996,sad
79.15940380096436,sad
79.2531566619873,sad
79.3561475276947,sad
79.4582667350769,sad
79.5545380115509,sad
79.70331311225891,sad
80.11161375045776,sad
80.73113179206848,sad
80.83726382255554,sad
81.0526111125946,sad
81.15974593162537,sad
81.2528235912323,sad
81.50857305526733,sad
81.76838183403015,sad
82.72261619567871,sad
83.20761609077454,sad
83.40591382980347,sad
83.50205564498901,sad
83.60569620132446,sad
83.7174289226532,sad
83.81506657600403,sad
83.9259901046753,sad
84.03011965751648,sad
84.12933588027954,sad
84.61734533309937,sad
84.72250008583069,sad
84.83915781974792,sad
84.94281077384949,sad
85.03900146484375,sad
85.13734602928162,sad
85.24452686309814,sad
85.34224200248718,sad
85.44288420677185,sad
85.53732419013977,sad
85.63441920280457,sad
85.73507070541382,sad
85.82916831970215,sad
85.93435859680176,sad
86.74332451820374,sad
86.83960437774658,sad
87.13165950775146,sad
87.22865462303162,sad
87.32887721061707,sad
87.52619624137878,sad
87.72324585914612,sad
88.02290534973145,sad
88.41747784614563,sad
88.80804419517517,sad
89.18816924095154,sad
89.34500885009766,sad
89.70668840408325,sad
89.9004774093628,sad
89.99080991744995,sad
90.08559894561768,sad
90.18235397338867,sad
90.39419054985046,sad
90.49556303024292,sad
90.74782705307007,neutral
91.21442723274231,sad
91.31067943572998,sad
91.41128349304199,sad
91.51347303390503,sad
91.7107105255127,sad
91.8952739238739,sad
91.99094200134277,sad
92.18610882759094,sad
92.28074383735657,sad
92.47525930404663,sad
92.5784809589386,sad
92.77420568466187,sad
92.87434649467468,sad
93.05487728118896,sad
93.3879566192627,sad
93.48470139503479,sad
93.82744431495667,sad
93.92112588882446,sad
94.0152440071106,sad
94.1180408000946,sad
94.21669363975525,sad
94.30861282348633,sad
94.39936637878418,sad
94.5987229347229,sad
94.69627475738525,sad
94.78833556175232,sad
94.88511538505554,sad
95.07424259185791,sad
95.3720109462738,sad
95.47169137001038,sad
95.88762426376343,sad
95.98952674865723,sad
96.0942587852478,sad
96.18756699562073,sad
96.29469442367554,sad
96.39244794845581,sad
96.48672246932983,sad
96.58439517021179,sad
96.73086762428284,sad
96.83965587615967,sad
96.94681596755981,sad
97.0462794303894,sad
97.1409752368927,sad
97.23560070991516,sad
97.33924174308777,sad
97.4312047958374,sad
97.53085517883301,sad
97.63414168357849,sad
97.94053745269775,sad
98.03867840766907,sad
98.1403284072876,sad
98.23446774482727,sad
98.33287858963013,sad
98.42710947990417,sad
98.53126120567322,sad
98.6342613697052,sad
99.03544473648071,sad
99.13309979438782,sad
99.23072052001953,sad
99.32649850845337,sad
99.42523097991943,sad
99.52718997001648,sad
99.62840819358826,sad
99.73345184326172,sad
99.8379054069519,sad
99.940669298172,sad
100.04078149795532,sad
100.14997506141663,sad
100.24816727638245,sad
100.34637975692749,sad
100.44952249526978,sad
100.55020356178284,sad
100.64942455291748,sad
100.7400553226471,sad
100.83266973495483,sad
100.93057608604431,sad
101.02991580963135,sad
101.12203979492188,sad
101.22316598892212,sad
101.31728100776672,sad
101.4126570224762,sad
101.50782585144043,sad
101.60493469238281,sad
101.70966863632202,sad
101.80414581298828,sad
101.90097379684448,sad
102.00267481803894,sad
102.09833669662476,sad
102.194993019104,sad
102.2976279258728,sad
102.39423561096191,sad
102.49633622169495,sad
102.59655141830444,sad
102.70561122894287,sad
102.80658197402954,sad
102.91574096679688,sad
103.02145338058472,sad
103.12752795219421,sad
103.23966956138611,sad
103.34878730773926,sad
103.46065831184387,sad
103.56853175163269,sad
103.67254042625427,sad
103.77438616752625,sad
103.88810420036316,sad
103.99477052688599,sad
104.10213160514832,sad
104.20647287368774,sad
104.31211996078491,sad
104.42634725570679,sad
104.52427744865417,sad
104.62242245674133,sad
104.71417188644409,sad
104.80176544189453,sad
104.93956136703491,sad
105.0425500869751,sad
105.13819980621338,neutral
105.23231410980225,sad
105.540842294693,neutral
105.79223442077637,neutral
106.78597211837769,neutral
106.89161705970764,neutral
106.99633169174194,neutral
107.0915219783783,sad
107.18772745132446,neutral
107.49457859992981,sad
107.60025691986084,sad
107.69953751564026,sad
107.7940616607666,sad
107.89484930038452,sad
107.99804830551147,sad
108.29648637771606,sad
108.39158630371094,sad
108.58410859107971,sad
109.21105217933655,sad
109.3062481880188,sad
109.40843796730042,neutral
109.51217937469482,neutral
109.61445164680481,sad
109.72763800621033,sad
109.82584595680237,sad
109.92296838760376,sad
110.02320861816406,sad
110.13848280906677,sad
110.2511146068573,sad
110.39575338363647,sad
110.49090433120728,sad
110.59058547019958,sad
110.69181251525879,neutral
110.80098009109497,neutral
110.90423846244812,neutral
111.01340556144714,neutral
111.12429237365723,neutral
111.23048329353333,neutral
111.34114265441895,neutral
111.45229983329773,neutral
111.60783863067627,neutral
111.7180290222168,neutral
111.83271503448486,neutral
111.93938374519348,neutral
112.04166007041931,neutral
112.14481234550476,neutral
112.29647493362427,neutral
112.3988401889801,neutral
112.50846791267395,neutral
112.60259485244751,neutral
113.01022291183472,neutral
113.11628770828247,neutral
113.31909322738647,neutral
113.43125057220459,neutral
113.53962254524231,neutral
113.64427828788757,neutral
113.75243878364563,neutral
113.86034321784973,neutral
113.97130393981934,neutral
114.07853055000305,neutral
114.1827642917633,sad
114.2749330997467,sad
114.37771534919739,sad
114.47723388671875,sad
115.18991589546204,neutral
115.29805827140808,sad
115.39422845840454,sad
115.49339509010315,sad
115.59300994873047,sad
115.69227409362793,sad
115.7925124168396,neutral
116.26170706748962,sad
116.35690093040466,sad
116.7343738079071,sad
116.93016052246094,sad
117.75673246383667,sad
117.86034870147705,neutral
118.06962203979492,neutral
118.17547559738159,neutral
118.29773688316345,neutral
118.40752029418945,neutral
118.5194194316864,neutral
118.6302433013916,neutral
118.72938466072083,neutral
118.82751297950745,neutral
118.9421899318695,neutral
119.2367308139801,neutral
119.33259773254395,sad
119.42523050308228,sad
119.51909828186035,neutral
119.62172389030457,sad
119.70660066604614,sad
119.79220128059387,neutral
119.99513053894043,neutral
120.09974074363708,neutral
120.19403767585754,neutral
120.29249691963196,neutral
120.39173221588135,neutral
120.4940357208252,neutral
120.58567476272583,neutral
120.86666989326477,sad
120.95977711677551,sad
121.04693269729614,sad
121.13453006744385,neutral
121.22465300559998,neutral
121.31664514541626,neutral
121.50466442108154,sad
121.60272216796875,sad
121.69244813919067,sad
121.78408122062683,sad
121.8781898021698,sad
121.97630262374878,neutral
122.07240223884583,neutral
122.16251850128174,neutral
122.43236660957336,sad
122.53647541999817,sad
122.76949262619019,neutral
122.8708348274231,neutral
122.97650146484375,neutral
123.1189911365509,neutral
123.21826910972595,neutral
123.35714507102966,neutral
123.65908980369568,sad
124.23036599159241,neutral
125.16279530525208,neutral
125.26693296432495,neutral
125.53178834915161,neutral
125.63960027694702,neutral
125.74870371818542,neutral
125.85466766357422,neutral
125.96205544471741,neutral
126.10287523269653,neutral
126.20275235176086,neutral
126.3033926486969,neutral
126.41404914855957,neutral
126.51821255683899,neutral
126.61644673347473,sad
126.81274127960205,neutral
126.92441368103027,neutral
128.09981298446655,sad
128.18991684913635,sad
128.28611755371094,sad
128.38676929473877,sad
128.48138046264648,sad
128.58600211143494,sad
128.68772077560425,sad
128.78232407569885,sad
128.89908599853516,sad
128.99283504486084,sad
129.09008145332336,sad
129.19582986831665,sad
129.28954935073853,sad
129.38060569763184,sad
129.4800727367401,sad
129.57078289985657,sad
129.67242002487183,sad
129.77109360694885,sad
129.87040424346924,sad
129.971599817276,sad
130.07022356987,sad
130.6832365989685,neutral
130.7842960357666,neutral
130.88276886940002,neutral
131.03718996047974,neutral
131.13285279273987,neutral
131.22848844528198,neutral
131.3226170539856,neutral
131.41749167442322,neutral
131.50913739204407,neutral
131.60724711418152,neutral
131.70328640937805,neutral
131.79868388175964,neutral
131.89517903327942,neutral
132.4895555973053,neutral
132.59712171554565,neutral
132.99477815628052,neutral
133.34776830673218,neutral
133.43886995315552,neutral
133.54626154899597,neutral
133.64966440200806,neutral
133.74415040016174,neutral
133.84642815589905,neutral
133.94054293632507,neutral
134.04107236862183,neutral
134.13765931129456,neutral
135.972674369812,neutral
136.09586238861084,neutral
136.19813466072083,neutral
136.88158559799194,neutral
137.9899344444275,neutral
138.108247756958,neutral
138.23197650909424,neutral
138.34682989120483,neutral
138.46101689338684,neutral
138.5771985054016,neutral
138.80773377418518,neutral
138.9828851222992,sad
143.109472990036,sad
144.09481358528137,neutral
144.60723042488098,neutral
145.37346649169922,neutral
145.47270393371582,neutral
145.5757384300232,neutral
145.67272567749023,neutral
145.97900009155273,neutral
146.17645859718323,neutral
146.27126955986023,neutral
146.4561219215393,neutral
146.54863715171814,neutral
146.64824986457825,neutral
146.74172639846802,neutral
146.83433437347412,neutral
146.93496322631836,neutral
147.03413152694702,neutral
147.3742756843567,sad
147.46412324905396,sad
147.55951642990112,sad
148.56059336662292,sad
150.63738894462585,sad
150.87802076339722,neutral
150.9771707057953,neutral
151.07634615898132,neutral
151.17443132400513,neutral
151.57246661186218,neutral
151.85750532150269,sad
152.05944514274597,sad
152.77608466148376,neutral
152.88471674919128,neutral
152.98795008659363,neutral
154.53307032585144,neutral
155.0123701095581,neutral
155.20837235450745,neutral
155.30719184875488,neutral
155.40844559669495,neutral
156.50265383720398,neutral
156.6054539680481,neutral
156.7060842514038,neutral
156.8061408996582,neutral
157.09701013565063,neutral
157.7291419506073,neutral
157.8318314552307,neutral
158.06678438186646,neutral
158.16743206977844,neutral
158.26721572875977,neutral
158.41262102127075,neutral
158.61292266845703,neutral
158.72611904144287,neutral
158.83626627922058,neutral
158.93812561035156,neutral
159.03636598587036,neutral
160.32908606529236,neutral
160.6149618625641,neutral
160.83127999305725,sad
160.92549777030945,sad
161.02041339874268,neutral
161.13066029548645,neutral
161.2363224029541,neutral
161.3399395942688,neutral
161.44137907028198,neutral
161.54716682434082,neutral
161.65621638298035,neutral
161.76184844970703,neutral
161.86050391197205,neutral
162.06447529792786,neutral
162.17113375663757,neutral
162.2726833820343,neutral
162.3761751651764,neutral
162.770432472229,neutral
162.88889145851135,neutral
163.04160046577454,neutral
163.14733338356018,neutral
163.2544710636139,neutral
163.35693526268005,neutral
163.51125860214233,neutral
163.6116726398468,neutral
163.76536750793457,neutral
163.86689805984497,neutral
163.9695122241974,neutral
164.08023953437805,neutral
164.1808798313141,neutral
164.3346712589264,neutral
164.45736598968506,neutral
164.63922595977783,neutral
166.2344057559967,neutral
166.3413600921631,neutral
166.44301462173462,neutral
166.75889992713928,neutral
166.87065052986145,neutral
166.97798037528992,neutral
167.1984519958496,neutral
167.31440687179565,neutral
167.4235463142395,neutral
167.53270292282104,neutral
167.6423418521881,neutral
167.7486596107483,neutral
167.85630583763123,neutral
167.9648401737213,neutral
168.07249307632446,neutral
168.17814826965332,neutral
168.28601264953613,neutral
168.3916985988617,neutral
168.4977524280548,neutral
168.60183191299438,neutral
168.71788787841797,neutral
168.82431983947754,neutral
168.9254927635193,neutral
169.03065824508667,neutral
169.12493562698364,neutral
169.22304487228394,neutral
169.33319997787476,neutral
169.44939136505127,neutral
169.55569124221802,neutral
169.65932154655457,neutral
169.75345587730408,neutral
169.85106801986694,neutral
169.9471254348755,neutral
170.15494871139526,neutral
170.25414752960205,neutral
170.3542754650116,neutral
170.9703402519226,neutral
171.06909155845642,neutral
171.16871118545532,neutral
171.26936793327332,neutral
171.36471009254456,neutral
171.67684626579285,neutral
171.78027772903442,neutral
171.8828980922699,neutral
171.98791217803955,neutral
172.14829993247986,neutral
172.31076455116272,neutral
172.41968727111816,neutral
172.51440525054932,neutral
172.6171464920044,neutral
172.72279119491577,neutral
172.82442617416382,neutral
174.5629482269287,neutral
175.0557165145874,neutral
175.1558473110199,neutral
175.25300765037537,neutral
175.35534477233887,neutral
175.45619130134583,neutral
175.55109786987305,neutral
175.64986991882324,neutral
176.2997019290924,neutral
176.40085911750793,neutral
176.71600985527039,neutral
176.81877422332764,neutral
181.2497580051422,sad
181.40301656723022,sad
181.7191126346588,sad
181.81456780433655,sad
182.0205659866333,sad
182.12220120429993,sad
182.22184658050537,sad
182.31647539138794,sad
182.41561722755432,sad
182.5153088569641,sad
182.6214919090271,sad
182.7286729812622,sad
182.82453393936157,sad
182.92771577835083,sad
183.02448272705078,sad
183.13166213035583,sad
183.2344150543213,sad
183.43097162246704,sad
183.5317828655243,sad
183.63487339019775,sad
183.7310094833374,sad
183.82411789894104,sad
184.0198700428009,sad
184.11652779579163,sad
184.3320391178131,sad
184.42415380477905,sad
184.52499437332153,sad
184.62956881523132,sad
184.7365334033966,sad
184.82966685295105,sad
185.04046201705933,sad
185.13559436798096,sad
185.2382836341858,sad
185.34437441825867,sad
185.44652676582336,sad
185.5522437095642,sad
185.65082788467407,sad
185.75068736076355,sad
185.8468861579895,sad
186.04928874969482,sad
186.16240406036377,sad
186.35490894317627,sad
186.55897426605225,sad
187.41608428955078,neutral
187.73026251792908,neutral
188.53644919395447,sad
189.2627682685852,sad
189.57116842269897,sad
189.67806673049927,sad
189.9947853088379,sad
190.20253586769104,sad
190.30967164039612,sad
190.40829992294312,sad
190.51105451583862,sad
190.61062121391296,sad
190.7167627811432,sad
190.91503500938416,sad
191.0176703929901,sad
191.11428546905518,sad
191.2146761417389,sad
191.32247948646545,sad
191.42206192016602,sad
191.52284288406372,sad
191.62801694869995,sad
191.73333740234375,sad
191.83848214149475,sad
191.9375729560852,sad
192.04223608970642,sad
192.14158391952515,sad
192.2428057193756,sad
192.34870862960815,sad
192.44772839546204,sad
192.55285906791687,sad
192.65499258041382,sad
192.86120653152466,sad
193.0642285346985,neutral
193.1673402786255,neutral
193.26297569274902,neutral
193.68176984786987,neutral
193.77999901771545,neutral
194.13033652305603,neutral
195.10788345336914,neutral
195.6792733669281,neutral
195.88159251213074,neutral
197.4043366909027,neutral
197.50146508216858,neutral
197.59459447860718,neutral
197.6972324848175,neutral
197.7913646697998,neutral
197.89107275009155,neutral
197.98647451400757,neutral
198.24002146720886,sad
198.32763504981995,sad
198.55253672599792,sad
198.65761733055115,sad
198.84696435928345,sad
198.95439314842224,sad
199.21643924713135,sad
201.33305144309998,neutral
201.43017530441284,neutral
202.55173707008362,neutral
203.26299500465393,neutral
203.36215257644653,neutral
203.46680879592896,neutral
203.56878876686096,neutral
203.67275166511536,neutral
203.77559733390808,neutral
203.87845754623413,neutral
204.07633709907532,neutral
204.17447638511658,neutral
204.46755743026733,neutral
204.67437410354614,neutral
204.78807425498962,neutral
204.98608541488647,neutral
205.07646989822388,neutral
205.17059969902039,neutral
205.27176141738892,neutral
205.3683934211731,neutral
205.46952509880066,neutral
205.57586240768433,neutral
205.67106103897095,neutral
205.76937079429626,neutral
205.86930084228516,neutral
205.96199226379395,neutral
206.06170058250427,neutral
206.1517791748047,neutral
206.4404013156891,neutral
206.64568972587585,neutral
207.1324541568756,neutral
207.6228392124176,neutral
207.81437301635742,neutral
208.01411652565002,neutral
208.21989154815674,neutral
209.22420954704285,sad
209.7177073955536,neutral
211.0914340019226,neutral
211.1816065311432,neutral
211.27786016464233,neutral
211.37661170959473,neutral
211.48216438293457,neutral
211.68086981773376,neutral
211.77507710456848,neutral
212.06643223762512,neutral
212.46217823028564,sad
212.56139421463013,sad
212.65886211395264,sad
212.76050448417664,sad
212.86346793174744,sad
212.95475125312805,sad
213.0585811138153,sad
213.1531879901886,sad
213.24830555915833,sad
213.34191060066223,sad
213.4325180053711,sad
213.52818703651428,sad
213.62638425827026,sad
213.7284243106842,sad
213.8291175365448,sad
213.93031692504883,sad
214.03755068778992,sad
214.13768339157104,sad
214.23358941078186,sad
214.34038615226746,sad
214.44294452667236,sad
214.5428364276886,sad
214.64266633987427,sad
214.73437023162842,sad
214.83127188682556,sad
214.92806720733643,sad
215.02268266677856,sad
215.1285195350647,sad
215.22066497802734,sad
215.32026600837708,sad
215.61812376976013,sad
215.71932077407837,sad
215.808274269104,sad
215.90790271759033,sad
216.0019211769104,sad
216.1001422405243,sad
216.39869379997253,sad
216.9299554824829,sad
217.02266263961792,neutral
217.167484998703,neutral
217.27190685272217,neutral
217.41818118095398,neutral
217.51998329162598,neutral
217.62224292755127,neutral
217.71991848945618,neutral
217.82266974449158,neutral
218.12040257453918,neutral
218.21129059791565,neutral
218.30993342399597,neutral
218.40718626976013,neutral
218.50783491134644,neutral
218.6125044822693,neutral
218.7127046585083,neutral
218.81034469604492,neutral
219.0126633644104,sad
219.10956692695618,sad
219.38982105255127,neutral
219.58958387374878,neutral
219.86932277679443,neutral
219.97121334075928,neutral
220.07236003875732,neutral
220.16869616508484,neutral
220.26081824302673,neutral
220.35241985321045,neutral
220.45361614227295,neutral
220.54950714111328,neutral
220.64166164398193,sad
220.73280000686646,sad
220.82341718673706,sad
220.92576909065247,sad
221.0276744365692,sad
221.27230381965637,sad
221.36044239997864,sad
222.930748462677,sad
223.85299229621887,sad
224.6793291568756,neutral
224.78197979927063,neutral
224.88965010643005,neutral
224.9932897090912,neutral
225.09922623634338,neutral
225.19938445091248,neutral
225.30504870414734,neutral
225.39974403381348,neutral
225.52171182632446,neutral
225.6379177570343,neutral
225.73911261558533,neutral
225.84029746055603,sad
226.14828968048096,neutral
226.85282731056213,neutral
226.94454979896545,neutral
227.04129886627197,sad
227.13232040405273,sad
227.2298276424408,sad
227.32315802574158,sad
227.4700026512146,sad
227.6218593120575,sad
227.72113370895386,sad
227.8116409778595,sad
227.9061381816864,sad
227.9963116645813,sad
228.0924665927887,sad
228.18848252296448,sad
228.28317165374756,sad
228.485533952713,sad
228.70565938949585,sad
228.7980809211731,sad
228.8957691192627,sad
228.98939275741577,sad
229.07611107826233,sad
229.16625213623047,sad
229.31051683425903,sad
229.4444124698639,sad
229.5528495311737,sad
229.75146794319153,neutral
229.9536120891571,sad
230.0591835975647,sad
230.16235899925232,sad
230.2572636604309,sad
230.45759868621826,sad
230.65736413002014,sad
230.97168946266174,sad
231.08441758155823,sad
231.19631481170654,sad
231.30352640151978,sad
231.4092493057251,sad
231.51289796829224,sad
231.61819338798523,sad
231.72636938095093,sad
231.8375427722931,sad
231.94933891296387,sad
232.0603141784668,sad
232.18506526947021,sad
232.3022665977478,sad
232.4113290309906,sad
232.5234978199005,sad
232.63319325447083,sad
232.752916097641,sad
232.8671555519104,sad
232.97645044326782,sad
233.076593875885,sad
233.17173528671265,sad
233.26688361167908,sad
233.35998582839966,sad
233.45863962173462,sad
233.56347513198853,sad
233.6730432510376,sad
233.7744562625885,sad
233.8753900527954,sad
233.97558760643005,sad
234.08145785331726,sad
234.29084730148315,sad
234.49751162528992,sad
234.70327949523926,neutral
234.8957097530365,neutral
235.29840874671936,neutral
235.3990466594696,neutral
235.5087378025055,neutral
235.8830988407135,neutral
235.9782838821411,neutral
237.48429131507874,sad
237.57518649101257,sad
237.7656967639923,sad
237.86237573623657,sad
238.25440979003906,sad
238.73303318023682,sad
240.18646001815796,sad
241.50457882881165,sad
241.70277190208435,sad
241.84695529937744,sad
241.94459176063538,sad
242.34655046463013,sad
242.5361204147339,sad
242.62486124038696,sad
242.97129082679749,sad
243.0611810684204,sad
243.1483073234558,sad
243.23640990257263,sad
243.3360240459442,sad
243.43216061592102,sad
243.53141069412231,sad
243.6261260509491,sad
243.72283935546875,sad
245.18326544761658,sad
245.27938652038574,sad
245.37718749046326,sad
246.94275736808777,neutral
247.1386432647705,neutral
247.32845664024353,sad
247.42440748214722,sad
247.51820850372314,sad
247.995991230011,sad
249.5665786266327,neutral
250.06645727157593,neutral
250.56578731536865,sad
250.6674566268921,sad
251.34921073913574,neutral
251.54004573822021,neutral
251.7315855026245,neutral
251.82821702957153,neutral
251.9271116256714,neutral
252.2408459186554,neutral
252.66802334785461,neutral
252.76667261123657,neutral
252.86858320236206,neutral
253.17043709754944,neutral
253.2660689353943,neutral
253.36426496505737,neutral
253.5619821548462,neutral
253.66889262199402,neutral
253.81319403648376,neutral
253.91983938217163,neutral
254.02246165275574,neutral
254.12498450279236,neutral
254.85916376113892,neutral
255.24969744682312,neutral
255.34790205955505,neutral
255.63091254234314,sad
256.1042151451111,neutral
256.2974989414215,neutral
256.395614862442,neutral
256.49281907081604,neutral
256.5989887714386,neutral
256.71333479881287,neutral
256.81421279907227,neutral
256.90737557411194,neutral
257.0045621395111,neutral
257.10863637924194,neutral
257.20675134658813,neutral
257.30238127708435,neutral
257.4013841152191,neutral
257.4990289211273,neutral
257.58914828300476,neutral
257.7063729763031,neutral
257.8390967845917,neutral
257.944207906723,neutral
258.7133538722992,sad
259.11109161376953,sad
259.4306745529175,neutral
259.74808859825134,neutral
259.85727429389954,neutral
260.05453968048096,sad
260.1556808948517,sad
260.47163343429565,sad
260.6288044452667,sad
260.7345860004425,sad
260.83776664733887,sad
261.12441539764404,sad
261.3571045398712,sad
261.4532480239868,sad
262.01527070999146,sad
262.21442914009094,sad
262.89048433303833,sad
265.2106034755707,sad
265.71169662475586,sad
265.81334948539734,sad
267.4107503890991,sad
267.60206031799316,sad
267.69945001602173,sad
267.7926654815674,sad
267.88528990745544,sad
268.4567337036133,sad
270.57452607154846,sad
270.94232273101807,sad
271.0448274612427,sad
271.2950301170349,sad
271.44632506370544,sad
271.54598212242126,sad
271.64963698387146,sad
271.74174332618713,sad
271.83950567245483,sad
271.93584537506104,sad
272.0300438404083,sad
272.3165476322174,sad
272.4198956489563,sad
272.5119323730469,sad
272.6176929473877,sad
272.8092405796051,sad
272.9110360145569,sad
273.00697135925293,sad
273.13457322120667,sad
273.24425768852234,sad
273.4445514678955,sad
273.53836703300476,sad
273.74107599258423,sad
273.8426823616028,sad
273.9413323402405,sad
274.0374939441681,sad
274.13312220573425,sad
274.23275542259216,sad
274.3324146270752,sad
274.4215512275696,sad
274.5182340145111,sad
274.6089999675751,sad
274.7088098526001,sad
274.81286096572876,sad
274.9057765007019,sad
275.00690507888794,sad
275.1095492839813,sad
275.21021032333374,sad
275.3124017715454,sad
275.4090189933777,sad
275.52222442626953,sad
275.6297779083252,sad
275.7306706905365,sad
275.830792427063,sad
275.9328227043152,sad
276.0318775177002,sad
276.14019870758057,sad
276.237167596817,sad
276.3362441062927,sad
276.43606066703796,sad
276.53726601600647,sad
276.63556146621704,sad
276.7327651977539,sad
276.8328924179077,sad
278.233286857605,sad
278.32674264907837,sad
278.4264187812805,sad
278.8745365142822,neutral
278.97071599960327,neutral
279.07489585876465,neutral
279.1670186519623,neutral
279.2588813304901,neutral
279.3578736782074,neutral
279.44257068634033,neutral
279.62287402153015,sad
279.81767439842224,sad
279.90647554397583,sad
279.99587965011597,sad
280.092533826828,sad
280.17988109588623,sad
280.3724265098572,sad
280.561311006546,sad
280.6574592590332,sad
280.750102519989,sad
280.84278678894043,sad
280.9389503002167,sad
281.0346088409424,sad
281.13049697875977,sad
281.22121477127075,sad
281.3133728504181,sad
281.4085111618042,sad
281.5008955001831,sad
281.59656977653503,sad
281.68982577323914,sad
281.784467458725,sad
281.8776955604553,sad
281.97242617607117,sad
282.0711135864258,sad
282.1667284965515,sad
282.3413996696472,sad
282.52517557144165,neutral
282.62241220474243,neutral
282.7130298614502,neutral
282.81126260757446,neutral
282.90425395965576,neutral
283.13830757141113,sad
283.41080617904663,neutral
283.49811244010925,sad
283.59639501571655,neutral
283.867791891098,neutral
283.95658016204834,neutral
284.04741644859314,neutral
284.1383464336395,neutral
284.2191548347473,neutral
284.31682229042053,neutral
284.3999605178833,neutral
284.48423075675964,neutral
284.572181224823,neutral
284.66231894493103,neutral
284.74757528305054,neutral
284.84224128723145,neutral
284.93586444854736,neutral
285.02598214149475,neutral
285.1173017024994,neutral
285.7557945251465,sad
285.95040345191956,sad
286.04458236694336,sad
286.1832449436188,sad
286.32242131233215,sad
286.413063287735,sad
287.50355434417725,neutral
287.5977854728699,neutral
287.89524507522583,sad
287.9893887042999,sad
288.0875446796417,sad
288.18990874290466,sad
288.4028663635254,neutral
288.6864666938782,sad
288.78221011161804,sad
288.87587118148804,neutral
288.96735286712646,neutral
289.05721855163574,neutral
289.1498692035675,neutral
289.2419767379761,neutral
289.33161878585815,neutral
289.4232075214386,neutral
289.5133354663849,neutral
289.60991644859314,neutral
289.69947361946106,neutral
289.78207182884216,sad
289.8671817779541,sad
289.95082998275757,neutral
290.0388252735138,neutral
290.13049602508545,neutral
290.27783703804016,neutral
290.3805158138275,neutral
290.6267685890198,neutral
290.9215347766876,sad
291.1093475818634,neutral
291.2964708805084,neutral
291.3844676017761,neutral
291.4816346168518,neutral
291.57477831840515,neutral
291.6659231185913,neutral
291.7675907611847,neutral
291.862713098526,neutral
291.95535469055176,neutral
292.05599665641785,neutral
292.3822557926178,neutral
292.660516500473,neutral
292.75563645362854,neutral
292.86184906959534,neutral
292.95850110054016,neutral
293.05327892303467,neutral
293.1444652080536,neutral
293.23664379119873,neutral
293.33229184150696,neutral
293.4259753227234,neutral
293.7525908946991,neutral
293.8487751483917,neutral
294.1331672668457,neutral
294.22348380088806,neutral
294.32618403434753,neutral
294.42349672317505,neutral
294.524539232254,neutral
294.62246680259705,neutral
294.72017526626587,neutral
294.811815738678,neutral
294.9142143726349,neutral
295.0113477706909,neutral
295.1080222129822,sad
295.2106761932373,sad
295.3552429676056,neutral
295.4550893306732,neutral
295.5527241230011,neutral
295.6929564476013,neutral
295.9248425960541,neutral
296.02949810028076,neutral
296.1322088241577,neutral
296.57126784324646,neutral
296.67596554756165,neutral
296.77459836006165,neutral
296.86674070358276,neutral
297.19219183921814,neutral
297.2799847126007,neutral
297.37325835227966,neutral
297.46948504447937,neutral
297.55523920059204,neutral
297.7365548610687,neutral
297.8272786140442,neutral
297.9264888763428,neutral
298.01959443092346,neutral
298.1179106235504,neutral
298.2165894508362,neutral
298.302175283432,neutral
298.4169816970825,neutral
298.5233356952667,neutral
298.6398096084595,neutral
298.7442491054535,neutral
298.8529369831085,neutral
298.9608211517334,neutral
299.26476430892944,neutral
299.3669853210449,neutral
299.46210980415344,neutral
299.56628251075745,neutral
299.668470621109,neutral
299.76220202445984,neutral
299.85482001304626,neutral
299.9519784450531,neutral
300.97357058525085,neutral
301.08247923851013,neutral
301.49817085266113,neutral
301.6214265823364,neutral
301.9196021556854,neutral
303.2390742301941,sad
303.3814344406128,sad
303.5850193500519,sad
305.2076849937439,neutral
305.32896089553833,neutral
305.4426794052124,neutral
305.54629492759705,neutral
305.9863600730896,neutral
306.1126797199249,neutral
306.21441674232483,neutral
306.42263293266296,neutral
306.5276126861572,neutral
306.69537377357483,neutral
306.79799818992615,neutral
306.8886263370514,neutral
306.9817864894867,neutral
307.1356256008148,neutral
307.2392556667328,neutral
307.33988976478577,neutral
307.4391756057739,neutral
308.32201313972473,neutral
309.88897728919983,neutral
309.99665355682373,neutral
310.09681248664856,neutral
310.18944215774536,neutral
310.28365874290466,neutral
310.3833394050598,neutral
310.4775722026825,neutral
310.5852828025818,neutral
310.6864149570465,neutral
310.7821488380432,neutral
310.8858411312103,neutral
312.06399631500244,sad
312.1548252105713,sad
312.25348234176636,sad
312.34751868247986,sad
312.43701171875,sad
312.6958191394806,sad
313.1919708251953,sad
313.2888150215149,sad
313.39079761505127,sad
313.48339462280273,sad
313.5805208683014,sad
313.6895787715912,sad
313.7813458442688,sad
314.80885887145996,sad
315.01918601989746,neutral
316.12065172195435,neutral
316.53529596328735,neutral
316.6491913795471,neutral
316.76235699653625,sad
316.88560819625854,neutral
317.2865307331085,neutral
317.4225401878357,neutral
317.56396746635437,neutral
317.69501543045044,neutral
317.82904601097107,neutral
317.96656608581543,sad
318.3102517127991,sad
318.45477986335754,sad
318.5672912597656,sad
318.67236518859863,sad
318.77288150787354,sad
318.87539505958557,sad
318.9719018936157,sad
319.07241916656494,sad
319.1779444217682,sad
319.2894592285156,sad
319.3959755897522,sad
319.5060067176819,sad
319.6095128059387,sad
319.71903228759766,sad
319.84655594825745,sad
319.95977306365967,sad
320.07929277420044,sad
320.2133364677429,sad
320.3318634033203,sad
320.4363889694214,sad
321.0564880371094,neutral
321.1799325942993,sad
321.56800746917725,sad
322.2805449962616,neutral
323.6104702949524,neutral
325.27559208869934,neutral
325.3616819381714,neutral
325.45579504966736,neutral
325.54640316963196,neutral
325.85568952560425,sad
325.95033049583435,sad
326.0464651584625,sad
326.55980920791626,sad
326.6671714782715,sad
326.87474274635315,sad
327.06695437431335,neutral
327.16830348968506,neutral
327.37514638900757,neutral
327.47029399871826,neutral
327.5699360370636,neutral
327.66755056381226,neutral
329.34921646118164,sad
329.43932723999023,sad
330.212119102478,neutral
330.4356038570404,neutral
330.7800967693329,neutral
330.88827180862427,neutral
331.00551986694336,neutral
331.3289930820465,neutral
331.4396650791168,neutral
331.5431809425354,neutral
331.7530438899994,neutral
331.88330698013306,neutral
332.09633350372314,neutral
332.20476388931274,neutral
332.31128311157227,neutral
332.40779757499695,neutral
332.4963138103485,neutral
332.5958323478699,neutral
332.68936228752136,neutral
332.77887892723083,neutral
332.8693971633911,neutral
333.06145572662354,neutral
333.26749563217163,neutral
333.7545716762543,neutral
333.85709285736084,neutral
334.2106873989105,neutral
334.68339371681213,sad
334.7699046134949,sad
334.966956615448,sad
335.247998714447,sad
335.3385293483734,sad
335.70561695098877,sad
335.79713106155396,sad
335.98515367507935,sad
336.0876829624176,sad
336.27870178222656,sad
336.3722174167633,sad
336.4654207229614,sad
336.5629289150238,sad
336.76496171951294,sad
337.0399875640869,sad
337.13249254226685,sad
337.2180058956146,sad
337.40803813934326,sad
337.80911135673523,sad
339.56540632247925,sad
340.2205159664154,sad
340.3100473880768,sad
340.7666163444519,sad
340.94013237953186,sad
341.0256576538086,sad
341.13217878341675,sad
341.24970841407776,sad
341.3647401332855,sad
341.47826170921326,sad
341.60678219795227,sad
341.72130513191223,sad
341.8913459777832,sad
342.02087116241455,sad
342.13139390945435,sad
342.23090839385986,neutral
342.52747106552124,sad
343.143670797348,sad
343.2591872215271,sad
343.3662168979645,sad
343.4707238674164,sad
343.5702397823334,sad
343.6677565574646,sad
343.77427768707275,sad
343.87579441070557,sad
343.96930503845215,sad
344.10782837867737,sad
344.195339679718,sad
344.2828574180603,sad
344.37237071990967,sad
344.4658818244934,sad
344.55889201164246,sad
344.65442085266113,sad
344.7539381980896,sad
344.8767020702362,sad
344.98121666908264,sad
345.14243507385254,sad
345.38025879859924,sad
345.47876954078674,sad
345.5802869796753,sad
345.67880415916443,sad
345.7804138660431,sad
346.0698289871216,sad
346.18247628211975,sad
346.28168272972107,sad
346.37936639785767,sad
346.47501254081726,sad
346.5743234157562,sad
347.7115442752838,sad
347.99049067497253,neutral
348.0846016407013,neutral
348.18577337265015,neutral
348.49242091178894,sad
350.1629445552826,sad
350.63637042045593,sad
350.7400119304657,sad
351.37876868247986,sad
351.7609324455261,sad
351.85960245132446,sad
351.95173478126526,sad
352.0418438911438,sad
352.5950689315796,sad
352.6923084259033,sad
352.78761315345764,sad
352.8787341117859,sad
353.1525774002075,sad
353.24652194976807,sad
353.33913588523865,sad
353.43524050712585,sad
353.8163194656372,sad
354.3625063896179,sad
354.45078706741333,sad
354.6435794830322,sad
354.8333261013031,sad
354.9189374446869,sad
355.0186879634857,sad
355.11931467056274,sad
355.4513432979584,sad
355.7490429878235,sad
356.1301016807556,sad
356.4896719455719,sad
356.58895540237427,sad
356.68010449409485,sad
356.868528842926,sad
356.9636583328247,sad
357.0507752895355,sad
357.13883447647095,sad
357.23297667503357,sad
357.3251197338104,sad
357.7032027244568,sad
357.8024413585663,sad
357.894743680954,sad
357.98938059806824,sad
358.08130049705505,sad
358.1679906845093,sad
358.3562846183777,neutral
358.55127573013306,neutral
358.9229226112366,neutral
359.0148661136627,neutral
359.1089916229248,neutral
359.20010781288147,neutral
359.2997670173645,neutral
359.4004216194153,neutral
359.48954916000366,neutral
359.5932261943817,neutral
359.69173645973206,neutral
359.98889446258545,neutral
360.0975580215454,neutral
360.1992790699005,neutral
360.29794549942017,neutral
360.39457392692566,neutral
360.4922206401825,neutral
360.58303785324097,neutral
360.67216539382935,neutral
360.7633492946625,neutral
361.41171765327454,neutral
361.8265480995178,neutral
361.96673583984375,neutral
362.10152983665466,neutral
362.2868266105652,neutral
362.38195538520813,neutral
362.4650676250458,neutral
362.57277941703796,neutral
362.6799840927124,neutral
362.7684919834137,neutral
362.86590790748596,neutral
362.96195220947266,neutral
363.0476884841919,neutral
363.13652777671814,neutral
363.2432508468628,neutral
363.3724570274353,sad
363.4586088657379,neutral
363.54460191726685,neutral
363.6337032318115,neutral
363.7243399620056,neutral
363.81760692596436,sad
363.91294407844543,sad
363.9914813041687,neutral
364.0721151828766,neutral
364.16125893592834,sad
364.2398579120636,neutral
364.33448028564453,neutral
364.41659474372864,neutral
364.5096392631531,neutral
364.6042699813843,neutral
364.7821614742279,sad
364.86827301979065,sad
364.9579427242279,sad
365.05244278907776,sad
365.1425859928131,sad
365.44647908210754,sad
365.53258872032166,neutral
365.62269139289856,neutral
365.7063465118408,neutral
365.8796765804291,sad
365.97813296318054,neutral
366.0805022716522,sad
366.2547311782837,neutral
366.3466966152191,neutral
366.4348704814911,neutral
366.5215075016022,neutral
366.6071529388428,neutral
366.6927628517151,neutral
366.7860634326935,neutral
366.87066316604614,neutral
366.96768856048584,neutral
367.0521500110626,neutral
367.1423406600952,neutral
367.2279438972473,neutral
367.3218035697937,neutral
367.42176389694214,neutral
367.51868772506714,neutral
367.61236238479614,neutral
367.7033874988556,neutral
367.79213762283325,neutral
367.87680172920227,neutral
367.9696922302246,neutral
368.06184434890747,neutral
368.30099511146545,neutral
368.3929224014282,neutral
368.59525442123413,neutral
368.69589161872864,neutral
368.79253220558167,neutral
368.8910868167877,sad
368.9811887741089,sad
369.0735285282135,sad
369.2627329826355,neutral
369.44857382774353,sad
369.53621792793274,sad
369.6314055919647,sad
369.7260458469391,neutral
370.47985076904297,neutral
371.11188983917236,neutral
371.2085497379303,neutral
371.2962157726288,neutral
371.3924834728241,neutral
372.0335042476654,neutral
372.2029650211334,sad
372.6719572544098,neutral
372.85773181915283,neutral
373.16816902160645,sad
373.61781573295593,neutral
373.71097111701965,neutral
373.80626606941223,neutral
373.9014058113098,neutral
374.282212972641,neutral
374.3764569759369,neutral
375.03077149391174,neutral
375.1272928714752,neutral
376.867308139801,sad
377.1481783390045,sad
377.23431396484375,sad
377.3279209136963,sad
378.45074701309204,sad
378.55148458480835,sad
379.36589789390564,neutral
379.5688750743866,neutral
379.65297508239746,neutral
379.74107241630554,neutral
379.9182252883911,sad
380.0165042877197,sad
380.34695863723755,neutral
380.80296206474304,neutral
381.33313488960266,neutral
381.4267659187317,neutral
381.7517008781433,sad
381.87552070617676,neutral
381.96735668182373,neutral
382.0549647808075,neutral
382.2852098941803,sad
382.61016035079956,neutral
382.70436120033264,neutral
382.79096484184265,neutral
382.89055156707764,neutral
382.9806818962097,neutral
383.07081413269043,neutral
383.1574158668518,neutral
383.2966158390045,neutral
383.3897407054901,neutral
383.4904634952545,neutral
384.7390649318695,neutral
385.1003692150116,neutral
385.3394658565521,neutral
386.6743264198303,neutral
386.7644588947296,neutral
386.85602259635925,neutral
386.94616198539734,neutral
388.42818808555603,neutral
388.6031172275543,neutral
388.69676780700684,neutral
388.7878985404968,neutral
388.87462043762207,neutral
389.8516454696655,sad
391.03126978874207,sad
391.11934423446655,sad
391.45326375961304,sad
391.5449125766754,sad
391.64758038520813,sad
391.7394120693207,sad
392.86431074142456,sad
393.0180575847626,sad
393.1076993942261,sad
393.2144229412079,sad
393.30610060691833,sad
393.3952317237854,sad
393.47843742370605,sad
393.5625853538513,sad
393.7415564060211,sad
393.82667350769043,sad
393.91435623168945,sad
394.00953698158264,sad
394.10868978500366,sad
394.1974060535431,sad
394.29251289367676,sad
394.38063955307007,sad
394.4818305969238,sad
394.57446360588074,sad
394.6730818748474,sad
394.7622175216675,sad
394.84856486320496,sad
394.93466353416443,sad
395.0192770957947,sad
395.11040353775024,sad
395.2001461982727,sad
395.29633116722107,sad
395.391277551651,sad
395.47938442230225,sad
395.5700032711029,sad
395.6571352481842,sad
395.83843326568604,sad
395.9631156921387,sad
396.050843000412,sad
396.65466475486755,sad
396.74327087402344,sad
396.83438897132874,sad
396.9198422431946,sad
397.0179193019867,sad
397.1100347042084,sad
397.30109310150146,sad
397.39000511169434,sad
397.4763877391815,sad
397.8966453075409,neutral
398.3838224411011,sad
398.47694540023804,sad
398.8904185295105,sad
399.8715479373932,neutral
399.9706959724426,neutral
400.1600184440613,neutral
400.2586977481842,neutral
400.35999584198,sad
400.4666838645935,neutral
400.56132340431213,neutral
400.6679599285126,neutral
400.75955963134766,neutral
400.84815311431885,neutral
400.94526743888855,neutral
401.81281447410583,neutral
402.00057196617126,sad
402.0962016582489,sad
402.301246881485,neutral
402.6027617454529,neutral
402.7009003162384,neutral
402.90213108062744,neutral
402.9967722892761,neutral
403.0937502384186,neutral
403.19137835502625,neutral
403.2864854335785,neutral
403.38565373420715,neutral
403.4862971305847,sad
403.5804340839386,sad
403.67506861686707,sad
403.768189907074,sad
403.8668236732483,sad
404.0569739341736,neutral
404.27779507637024,sad
404.3789572715759,sad
404.5048351287842,sad
404.6474459171295,sad
404.77219915390015,sad
404.87889790534973,sad
404.96932458877563,sad
405.06783628463745,sad
405.3843762874603,neutral
405.4798991680145,neutral
405.5834047794342,neutral
405.7834496498108,sad
405.9020185470581,sad
406.0155384540558,sad
406.1230549812317,sad
406.58513855934143,sad
406.71718311309814,sad
406.8397123813629,sad
406.9582345485687,sad
407.0684850215912,sad
407.15799951553345,sad
407.47649598121643,sad
407.8105683326721,sad
407.92609000205994,sad
408.216650724411,sad
408.40057373046875,sad
408.50010347366333,sad
408.6896276473999,sad
408.783150434494,sad
408.9648003578186,sad
409.1433663368225,neutral
409.228880405426,neutral
410.18554425239563,sad
410.33857131004333,sad
411.3217556476593,sad
411.4082703590393,sad
411.4912745952606,sad
411.58380007743835,sad
411.66829442977905,sad
411.7548077106476,sad
411.94184160232544,sad
412.0423550605774,sad
412.153874874115,sad
412.6101441383362,sad
412.7720227241516,sad
412.9780113697052,neutral
413.0586495399475,neutral
413.1447458267212,neutral
413.22790145874023,neutral
413.3185167312622,neutral
413.58138513565063,neutral
413.7106463909149,neutral
413.8949046134949,sad
413.9855418205261,sad
414.3253891468048,sad
414.40850281715393,sad
415.1032133102417,sad
416.8503749370575,sad
417.7442171573639,sad
418.19948077201843,sad
418.5119423866272,sad
418.6030867099762,sad
419.31052017211914,neutral
419.4049608707428,neutral
419.4964756965637,neutral
419.59561467170715,neutral
419.7230930328369,sad
419.80821347236633,sad
419.8964116573334,neutral
419.98351645469666,neutral
420.0727195739746,neutral
420.1769006252289,neutral
420.2685236930847,neutral
420.3581335544586,neutral
420.43923139572144,neutral
420.52031993865967,neutral
420.61546635627747,neutral
420.7619836330414,neutral
420.84663343429565,neutral
420.9402618408203,neutral
421.0244252681732,neutral
421.1105303764343,neutral
421.2004096508026,neutral
421.28863644599915,neutral
421.38151454925537,neutral
421.4771831035614,neutral
421.5624899864197,neutral
421.874804019928,neutral
422.1065721511841,neutral
422.19920015335083,neutral
422.29381585121155,neutral
422.4054615497589,neutral
422.4886374473572,neutral
423.1514267921448,neutral
423.34728264808655,neutral
423.44309306144714,neutral
423.54472970962524,neutral
423.640380859375,sad
423.7388188838959,sad
423.8319602012634,sad
423.9429202079773,sad
424.02897787094116,neutral
424.1201140880585,neutral
424.91142654418945,neutral
425.00963068008423,neutral
425.1012587547302,neutral
425.19988465309143,neutral
425.2994976043701,neutral
425.84292435646057,neutral
425.93985509872437,neutral
426.0584695339203,neutral
426.3423991203308,neutral
426.8678719997406,sad
426.9637155532837,sad
427.0498774051666,sad
428.40867805480957,sad
428.50284934043884,sad
428.5955126285553,sad
428.6911482810974,sad
428.7867739200592,sad
428.8780686855316,sad
429.0484218597412,neutral
429.1386501789093,neutral
429.2327845096588,neutral
429.3264091014862,neutral
429.41292095184326,neutral
429.49975848197937,neutral
429.5986566543579,neutral
429.68729543685913,neutral
429.7804329395294,sad
429.868531703949,sad
429.9634418487549,sad
430.05135893821716,sad
430.5438883304596,neutral
431.2146074771881,sad
431.3152642250061,sad
431.40839409828186,sad
431.59442687034607,neutral
431.68234491348267,neutral
431.7735707759857,neutral
432.35511565208435,neutral
432.7300341129303,sad
432.8720817565918,sad
432.9663460254669,sad
433.3411474227905,sad
433.4427993297577,sad
433.54244351387024,sad
434.13656735420227,sad
434.2396697998047,sad
434.34329628944397,sad
434.43839478492737,sad
434.5490515232086,sad
434.66947722435,sad
434.772141456604,sad
434.878803730011,sad
434.9694082736969,sad
435.06700801849365,sad
435.17130184173584,sad
435.2704567909241,sad
435.3740813732147,sad
435.4666974544525,sad
435.5778923034668,sad
435.6780409812927,sad
435.8589115142822,neutral
435.95054054260254,neutral
436.04516077041626,neutral
436.1383020877838,neutral
436.22489738464355,neutral
436.30951833724976,neutral
436.40063738822937,neutral
436.4897503852844,neutral
436.6830322742462,sad
436.9494843482971,sad
439.62475872039795,neutral
440.00697135925293,neutral
440.0944182872772,neutral
440.185742855072,neutral
440.2793970108032,neutral
440.37649393081665,neutral
440.5670602321625,neutral
440.8504066467285,neutral
441.2907781600952,neutral
441.38191866874695,neutral
441.56074261665344,neutral
442.1253044605255,neutral
442.21300077438354,neutral
442.9632670879364,sad
443.2369577884674,sad
443.3710296154022,sad
444.0670053958893,sad
444.27276635169983,neutral
444.3708839416504,neutral
444.73003029823303,neutral
444.8352029323578,neutral
444.92582964897156,neutral
445.32792949676514,sad
445.4596993923187,neutral
445.7904214859009,sad
445.8835482597351,sad
445.973664522171,sad
446.2337508201599,neutral
446.3254210948944,neutral
446.4151039123535,sad
446.9403221607208,neutral
447.1165871620178,neutral
447.22355103492737,neutral
447.41236877441406,neutral
447.50455594062805,neutral
447.6015021800995,neutral
447.6968283653259,neutral
447.7881796360016,neutral
447.88530111312866,neutral
447.97243309020996,neutral
448.07105708122253,neutral
448.16682481765747,neutral
448.25946831703186,neutral
448.35461497306824,neutral
448.5427362918854,sad
448.8464505672455,sad
449.10401916503906,sad
449.4348428249359,sad
449.523380279541,sad
449.6308090686798,neutral
451.2631151676178,neutral
451.35531306266785,neutral
451.4519953727722,neutral
451.6856622695923,neutral
451.89562702178955,sad
452.0718538761139,sad
452.2496154308319,sad
452.4308681488037,sad
452.76943707466125,sad
453.16328954696655,neutral
453.25692439079285,neutral
453.5293974876404,neutral
453.90152883529663,neutral
453.98663568496704,neutral
454.0712466239929,neutral
454.2438840866089,sad
454.3286864757538,sad
454.4195761680603,sad
454.5099413394928,sad
454.7488787174225,sad
454.840993642807,sad
454.9751672744751,neutral
455.1932978630066,sad
455.28400349617004,neutral
455.3816282749176,sad
455.4842846393585,sad
455.6835799217224,sad
455.78875494003296,sad
455.98453760147095,sad
456.29054951667786,sad
456.4027326107025,sad
456.5096549987793,neutral
457.2099461555481,neutral
457.82540249824524,neutral
460.2463917732239,neutral
460.56855177879333,sad
460.72978496551514,sad
461.421826839447,sad
461.51373076438904,sad
461.69422817230225,sad
461.78988337516785,sad
461.884033203125,neutral
462.20005083084106,neutral
462.5164816379547,neutral
463.6421847343445,neutral
463.73131465911865,sad
463.82652592658997,sad
464.5226380825043,neutral
464.80784583091736,sad
466.4906566143036,neutral
467.09672498703003,sad
468.12523794174194,sad
468.22137999534607,sad
470.44985246658325,sad
470.6756854057312,sad
470.9143855571747,sad
471.11722111701965,sad
471.3010630607605,sad
471.38871812820435,sad
471.52414178848267,sad
471.6179139614105,sad
471.71466279029846,sad
471.8152530193329,sad
471.91057205200195,sad
471.99858236312866,sad
472.0887203216553,sad
472.1787385940552,sad
472.2738530635834,sad
472.36250352859497,sad
472.4504780769348,sad
472.54461097717285,sad
472.6357328891754,sad
472.73639726638794,sad
472.83773946762085,sad
472.9420967102051,sad
473.83117270469666,neutral
474.0199477672577,neutral
474.20698738098145,sad
474.29459977149963,sad
474.3897433280945,sad
474.7649989128113,neutral
474.8607347011566,neutral
474.9494626522064,neutral
475.0425841808319,neutral
475.1387550830841,neutral
475.23839116096497,neutral
475.33310556411743,neutral
475.43176007270813,neutral
475.52290201187134,neutral
475.62105107307434,neutral
475.71417236328125,neutral
476.022180557251,sad
476.1255896091461,sad
476.2312641143799,sad
476.31954884529114,sad
476.4112243652344,sad
476.5039620399475,sad
476.59563159942627,sad
476.87273120880127,sad
476.95989990234375,sad
477.05572986602783,sad
477.24481081962585,sad
477.34558486938477,sad
477.44164657592773,sad
477.5352509021759,sad
477.6223750114441,sad
477.7134494781494,sad
477.80411171913147,sad
477.8937282562256,sad
477.98434615135193,sad
478.0906398296356,sad
478.2009572982788,sad
478.30518412590027,sad
478.41083788871765,sad
478.87369871139526,sad
478.9618227481842,sad
479.5310888290405,sad
479.7738959789276,sad
479.86503291130066,sad
479.9550611972809,neutral
480.0456829071045,neutral
480.13655042648315,neutral
480.2463204860687,neutral
480.4151282310486,neutral
480.5252766609192,sad
480.96470856666565,neutral
482.01904582977295,sad
482.12759947776794,sad
482.2187309265137,sad
482.31344270706177,sad
482.6329197883606,sad
482.84237837791443,neutral
482.94237327575684,neutral
483.1287121772766,neutral
483.22279930114746,sad
483.3273787498474,neutral
483.45404839515686,neutral
483.55370712280273,neutral
483.64235734939575,sad
483.974454164505,neutral
484.59950041770935,sad
484.69466257095337,sad
485.0888388156891,neutral
485.1819574832916,sad
485.27556347846985,sad
485.3666830062866,sad
485.4579322338104,sad
485.6913809776306,neutral
485.90494179725647,neutral
486.032737493515,neutral
486.61295104026794,sad
486.7140920162201,sad
486.9034459590912,neutral
487.2498540878296,sad
487.33918809890747,sad
487.4322934150696,sad
487.5255002975464,sad
487.62917828559875,sad
487.7482314109802,sad
488.24376606941223,neutral
488.4410753250122,sad
488.54671359062195,sad
488.64387488365173,sad
488.7402894496918,sad
489.1586630344391,neutral
489.2689678668976,neutral
489.7598235607147,neutral
489.8579571247101,neutral
489.9557681083679,neutral
490.0438861846924,neutral
490.1395688056946,neutral
490.30681228637695,neutral
490.48653411865234,neutral
490.583678483963,neutral
490.673800945282,neutral
490.75828075408936,neutral
491.05643224716187,neutral
491.24514174461365,sad
491.51095604896545,neutral
491.70264506340027,neutral
491.7954361438751,neutral
492.06773567199707,sad
492.60889291763306,sad
492.8127303123474,sad
492.90837574005127,sad
493.00539207458496,sad
493.1085696220398,neutral
493.4942042827606,neutral
493.5906677246094,neutral
495.5822219848633,neutral
496.47840547561646,neutral
496.8814539909363,neutral
497.17525482177734,sad
497.36855387687683,sad
497.46262860298157,sad
497.7472982406616,neutral
497.8970458507538,neutral
498.5549340248108,neutral
498.65265107154846,neutral
498.96945333480835,neutral
499.1512145996094,neutral
499.29377150535583,neutral
499.3944127559662,neutral
499.48704767227173,neutral
499.5836923122406,neutral
499.72589111328125,neutral
499.92065501213074,neutral
500.02582120895386,neutral
500.1315047740936,neutral
500.28126525878906,sad
500.3789005279541,sad
500.4872667789459,neutral
500.59693813323975,neutral
500.7547490596771,neutral
500.8483896255493,neutral
500.95507764816284,neutral
501.0410041809082,neutral
501.1284718513489,neutral
501.2125642299652,neutral
501.29868483543396,neutral
501.38641452789307,neutral
501.4736473560333,neutral
502.3624339103699,neutral
502.44692373275757,neutral
502.5369997024536,neutral
502.63065814971924,neutral
502.7248797416687,neutral
502.8195152282715,neutral
502.91164779663086,neutral
502.99823904037476,neutral
503.27943086624146,neutral
503.3741054534912,neutral
503.4667103290558,neutral
503.6564555168152,neutral
503.75308871269226,neutral
503.8491265773773,neutral
503.93322944641113,neutral
504.0293481349945,neutral
504.1127531528473,neutral
504.1999480724335,neutral
504.2885060310364,neutral
504.37281823158264,neutral
505.1416244506836,neutral
505.2322916984558,neutral
505.3287847042084,neutral
505.4148819446564,neutral
505.7864787578583,neutral
505.9020080566406,neutral
506.0053985118866,neutral
506.1012496948242,neutral
506.2091248035431,neutral
506.3002417087555,neutral
506.4384491443634,neutral
506.5270645618439,neutral
506.62676072120667,neutral
506.7204215526581,neutral
506.81003284454346,neutral
507.0240182876587,sad
507.20181107521057,neutral
507.2888925075531,neutral
507.4666624069214,sad
507.64488220214844,sad
507.7349889278412,sad
507.8335566520691,sad
507.9296760559082,sad
508.0258266925812,sad
508.1213686466217,sad
508.21854972839355,sad
508.40896916389465,sad
508.5050849914551,sad
508.60273790359497,sad
508.68984723091125,sad
508.87011551856995,sad
508.96709656715393,neutral
509.0642647743225,neutral
509.16541862487793,neutral
509.2640736103058,neutral
509.3624527454376,neutral
509.4570722579956,neutral
509.5471947193146,neutral
509.6342978477478,neutral
509.72491931915283,neutral
509.8140459060669,neutral
509.9096870422363,neutral
510.0083041191101,neutral
510.1004421710968,neutral
510.210102558136,neutral
510.30893874168396,neutral
510.4145805835724,neutral
510.5022304058075,neutral
510.6425099372864,neutral
510.73269057273865,neutral
510.82435154914856,neutral
510.91302466392517,neutral
511.0064034461975,neutral
511.1044566631317,neutral
511.20499777793884,neutral
511.29863142967224,neutral
511.39375257492065,neutral
511.4879562854767,neutral
511.58102583885193,neutral
511.67269945144653,neutral
511.7608687877655,neutral
512.0427765846252,neutral
512.130880355835,neutral
512.2305085659027,neutral
512.3306603431702,neutral
512.62855219841,neutral
512.8168044090271,neutral
512.9097850322723,neutral
513.8530893325806,neutral
514.5821137428284,sad
516.0516223907471,neutral
516.1568517684937,neutral
516.2550365924835,neutral
516.3436932563782,neutral
516.4333188533783,neutral
516.5224120616913,neutral
516.6615269184113,neutral
516.7650926113129,neutral
516.8595519065857,neutral
516.9496772289276,neutral
517.0470249652863,neutral
517.1366636753082,neutral
517.2281646728516,neutral
517.5666816234589,neutral
517.663605928421,neutral
517.7557320594788,neutral
517.8503820896149,neutral
517.9444942474365,neutral
518.0416374206543,neutral
518.6251745223999,neutral
518.7280330657959,neutral
518.8251686096191,neutral
518.9167973995209,neutral
519.0094237327576,neutral
519.1036477088928,neutral
519.1957654953003,neutral
519.2923955917358,neutral
519.3841233253479,neutral
519.4812519550323,neutral
519.5809819698334,neutral
519.79065990448,neutral
519.8873209953308,neutral
521.7753756046295,neutral
522.1478579044342,neutral
522.246973991394,neutral
522.335086107254,neutral
522.423722743988,neutral
522.5188632011414,neutral
522.7588620185852,neutral
522.8508512973785,neutral
522.947986125946,neutral
523.1452825069427,neutral
523.5692694187164,neutral
523.6645348072052,neutral
524.2787802219391,sad
524.3654055595398,sad
524.6389677524567,sad
524.7756199836731,neutral
524.9669005870819,neutral
525.0706715583801,neutral
525.3720364570618,neutral
525.4736785888672,neutral
525.5636065006256,neutral
525.6537683010101,neutral
525.7442646026611,neutral
525.838926076889,neutral
526.0219049453735,neutral
526.3796076774597,neutral
526.6027541160583,neutral
526.7053954601288,neutral
526.7945954799652,neutral
526.8872268199921,neutral
527.1646819114685,neutral
527.2567346096039,neutral
528.018782377243,neutral
528.310231924057,neutral
528.4113621711731,neutral
528.5257408618927,neutral
528.6125810146332,neutral
528.8134188652039,neutral
528.9087307453156,neutral
528.9989905357361,neutral
529.0976564884186,neutral
529.2006494998932,neutral
529.397956609726,neutral
529.4990983009338,neutral
529.5867006778717,neutral
529.7810342311859,neutral
529.9045414924622,neutral
530.0038411617279,neutral
530.1097960472107,neutral
530.3334732055664,neutral
530.4344437122345,neutral
530.5441195964813,neutral
530.989914894104,neutral
531.425226688385,neutral
531.5448939800262,neutral
531.6634340286255,neutral
531.8047168254852,neutral
531.9137210845947,neutral
532.0163753032684,neutral
532.1267201900482,neutral
532.2287774085999,neutral
532.3369154930115,neutral
532.4412724971771,neutral
532.5551812648773,neutral
532.6632812023163,neutral
532.7615571022034,neutral
532.8785047531128,neutral
532.9905469417572,neutral
534.2251830101013,neutral
534.405216217041,neutral
534.4897339344025,neutral
534.6242473125458,neutral
534.7177658081055,neutral
534.938827753067,neutral
535.0253341197968,neutral
535.1129109859467,neutral
535.8931317329407,neutral
536.4528183937073,sad
538.6190414428711,neutral
538.7145516872406,neutral
538.899219751358,neutral
539.1567952632904,neutral
539.5273325443268,neutral
542.8291079998016,neutral
542.922315120697,sad
543.2285435199738,neutral
543.3396623134613,neutral
543.423709154129,neutral
543.5098769664764,neutral
543.6045391559601,neutral
543.6986532211304,neutral
543.7983071804047,neutral
544.6772906780243,sad
544.7724301815033,sad
544.9634909629822,sad
545.0576083660126,sad
546.701596736908,sad
546.8372647762299,neutral
547.0415487289429,neutral
547.1361794471741,neutral
547.2351789474487,neutral
547.3269596099854,neutral
547.4286367893219,neutral
547.5238513946533,neutral
547.6215703487396,neutral
547.7157349586487,neutral
548.0061454772949,neutral
548.1082718372345,neutral
548.1997661590576,neutral
548.297892332077,neutral
548.405375957489,neutral
548.5916566848755,neutral
548.6872568130493,neutral
548.7784659862518,neutral
548.8686256408691,neutral
549.0685877799988,neutral
549.2562267780304,neutral
549.3534364700317,neutral
549.4441895484924,neutral
549.5393042564392,neutral
550.3743054866791,neutral
550.8660883903503,neutral
551.5994272232056,sad
551.6885571479797,neutral
551.7917194366455,neutral
551.9003224372864,neutral
552.0064866542816,neutral
552.109126329422,neutral
552.2553408145905,neutral
553.3113677501678,sad
553.4040327072144,sad
553.4976732730865,sad
553.5977954864502,sad
554.2040166854858,sad
554.298709154129,sad
554.4769611358643,sad
555.9490878582001,neutral
556.133576631546,neutral
556.2257323265076,neutral
556.3099863529205,neutral
556.4976017475128,neutral
556.5937254428864,neutral
556.6888756752014,neutral
556.7796223163605,neutral
556.8693792819977,neutral
556.9680485725403,neutral
557.0993735790253,neutral
557.1930532455444,neutral
557.2794978618622,neutral
557.3695993423462,neutral
557.7977159023285,neutral
557.8849086761475,neutral
557.9770355224609,neutral
558.0736494064331,neutral
558.1748473644257,neutral
558.8331184387207,sad
558.9222383499146,sad
559.1387140750885,neutral
559.2383437156677,neutral
559.3369779586792,sad
559.4260859489441,sad
559.6123774051666,sad
559.7876091003418,sad
559.8852717876434,sad
559.976389169693,sad
560.0755920410156,sad
560.1752121448517,sad
560.2598049640656,sad
560.3469128608704,sad
560.4335570335388,sad
560.5335052013397,sad
560.6246385574341,sad
560.7207825183868,sad
560.80890417099,sad
560.905535697937,sad
560.9951498508453,sad
561.0842669010162,sad
561.1764183044434,sad
561.2641463279724,sad
561.3542437553406,sad
561.4398508071899,sad
561.5280792713165,sad
561.6297962665558,sad
561.7152483463287,sad
561.8086986541748,sad
561.8948996067047,sad
561.985045671463,sad
562.0706350803375,sad
562.153755903244,sad
562.2478828430176,sad
562.3330929279327,sad
562.4191944599152,sad
562.5133194923401,neutral
562.6135876178741,neutral
562.7217700481415,sad
562.8148968219757,sad
562.9006502628326,sad
562.9852714538574,sad
563.6716990470886,sad
563.8621768951416,neutral
563.9502725601196,neutral
564.0388641357422,neutral
564.1279916763306,neutral
564.2149364948273,neutral
564.2980353832245,neutral
564.3976607322693,neutral
564.5088703632355,neutral
565.3255491256714,neutral
565.5266325473785,neutral
565.6190865039825,neutral
565.7046904563904,neutral
565.8634102344513,neutral
565.9470119476318,neutral
566.0272085666656,neutral
566.1093282699585,neutral
566.2354967594147,neutral
566.3246078491211,neutral
566.8025109767914,neutral
567.1220433712006,neutral
567.5304074287415,neutral
568.1245675086975,neutral
568.6466026306152,neutral
568.8180539608002,neutral
568.9587690830231,neutral
569.0418970584869,neutral
569.13751745224,neutral
569.2304079532623,neutral
569.48304271698,neutral
569.5741515159607,neutral
569.6642730236053,neutral
569.7523875236511,neutral
570.4953649044037,sad
570.5857884883881,neutral
571.0873327255249,sad
571.1735560894012,sad
571.3438110351562,sad
571.435409784317,sad
571.629781961441,sad
571.8216760158539,neutral
571.9188392162323,neutral
572.0548241138458,neutral
572.144469499588,neutral
572.2339305877686,neutral
572.3315267562866,neutral
572.420040845871,neutral
572.51615691185,neutral
573.0857992172241,neutral
573.1874179840088,neutral
573.2850503921509,neutral
573.3809380531311,neutral
573.4890966415405,neutral
574.1390788555145,neutral
574.2301950454712,neutral
574.3305673599243,neutral
574.4176769256592,neutral
574.5173182487488,neutral
574.6134719848633,neutral
574.7105388641357,neutral
574.8102538585663,neutral
574.9026000499725,neutral
575.0018582344055,neutral
575.0955195426941,neutral
575.517927646637,neutral
575.887663602829,neutral
575.9736411571503,neutral
576.0684568881989,neutral
576.155624628067,neutral
576.2426588535309,neutral
576.3248775005341,neutral
576.4235734939575,neutral
576.5968067646027,neutral
576.6929471492767,neutral
576.7956845760345,neutral
577.5386869907379,neutral
577.6298096179962,neutral
577.7224314212799,neutral
581.3386859893799,sad
581.4292144775391,sad
581.5214884281158,sad
581.6545214653015,sad
581.8922657966614,sad
587.8759052753448,sad
587.9701602458954,neutral
588.0609571933746,neutral
588.1658928394318,neutral
588.2660796642303,neutral
588.354724407196,neutral
588.4483554363251,neutral
588.543370962143,neutral
588.635995388031,neutral
589.3116104602814,neutral
589.4018449783325,neutral
589.5001902580261,neutral
589.593080997467,neutral
589.6877090930939,neutral
589.7838306427002,neutral
589.8816683292389,neutral
589.9801001548767,neutral
590.0752940177917,neutral
590.1794576644897,neutral
590.2760770320892,neutral
591.0752172470093,sad
591.6563324928284,neutral
591.8595902919769,neutral
592.0023512840271,neutral
592.3330750465393,neutral
592.4365167617798,neutral
592.5475132465363,neutral
592.6532113552094,neutral
592.7538685798645,neutral
592.8576140403748,neutral
592.95880651474,neutral
593.0601184368134,neutral
593.1652791500092,neutral
593.2649235725403,neutral
593.3600695133209,neutral
593.4622344970703,neutral
593.5644383430481,neutral
593.666431427002,neutral
593.7646851539612,neutral
593.8653008937836,neutral
593.9563491344452,neutral
594.0560464859009,neutral
594.1542029380798,neutral
594.2460656166077,neutral
594.3447911739349,neutral
594.4374301433563,neutral
594.5305535793304,neutral
594.6251711845398,neutral
594.7200560569763,neutral
594.8203666210175,neutral
594.9174814224243,neutral
595.0141274929047,neutral
595.107230424881,neutral
595.2068812847137,neutral
595.3074436187744,neutral
595.4050769805908,neutral
595.5067019462585,neutral
595.6018266677856,neutral
595.6960859298706,neutral
595.7915754318237,neutral
596.0765597820282,sad
596.1742069721222,sad
596.3637130260468,sad
596.4566712379456,sad
596.551780462265,sad
596.6506123542786,sad
596.749856710434,sad
596.8384761810303,sad
596.9331786632538,sad
597.0263485908508,sad
597.1295628547668,sad
597.4748528003693,neutral
597.5899415016174,neutral
597.702294588089,neutral
597.9846875667572,sad
598.4246962070465,sad
598.5163006782532,sad
598.6089942455292,sad
598.6962804794312,sad
598.7899372577667,sad
598.8816177845001,sad
599.4367935657501,sad
599.5379366874695,sad
599.6350889205933,sad
599.7733254432678,sad
599.8670771121979,sad
600.1082527637482,neutral
600.2050268650055,neutral
600.295816898346,neutral
600.3942260742188,neutral
600.49183344841,neutral
600.585563659668,neutral
600.6831705570221,sad
600.7908186912537,sad
600.8864498138428,sad
600.9906651973724,sad
601.1801962852478,neutral
601.7617888450623,sad
602.2382388114929,neutral
602.3364689350128,neutral
602.4320883750916,neutral
602.5351233482361,neutral
602.6302621364594,sad
602.7209165096283,sad
602.9202427864075,sad
603.0139083862305,sad
603.2101588249207,sad
603.3298852443695,sad
603.4265050888062,neutral
603.5186588764191,neutral
603.6153268814087,neutral
603.8115882873535,neutral
603.9277882575989,neutral
604.0319423675537,neutral
604.2251815795898,sad
604.3151752948761,sad
604.4038226604462,sad
604.8571619987488,sad
604.9437990188599,sad
605.1269228458405,sad
605.2140710353851,sad
605.6281888484955,sad
605.7138023376465,sad
605.8145785331726,sad
605.9037001132965,sad
606.0020403862,sad
606.1216707229614,sad
606.5075659751892,sad
606.5951900482178,sad
606.6818656921387,sad
606.7769947052002,sad
606.8697204589844,sad
606.9558279514313,sad
607.0444366931915,sad
607.1331431865692,sad
607.2302522659302,sad
607.3238852024078,sad
607.4140090942383,sad
607.5067052841187,sad
607.6003315448761,sad
607.7025029659271,sad
607.805789232254,sad
607.9082775115967,sad
608.003928899765,sad
608.098893404007,sad
608.1950633525848,sad
608.2916715145111,sad
608.3817863464355,sad
608.4754326343536,sad
609.3595454692841,sad
609.6376855373383,sad
609.7278046607971,sad
609.8189311027527,sad
610.0101630687714,sad
610.2836048603058,sad
610.4675214290619,sad
610.5638327598572,sad
610.6569421291351,sad
610.7470812797546,sad
610.8380768299103,sad
610.9263050556183,sad
611.104471206665,sad
611.199588060379,sad
611.3808331489563,sad
612.1770577430725,sad
612.2747361660004,sad
612.5709121227264,sad
612.6671528816223,sad
612.7544169425964,sad
612.8445203304291,sad
612.9303152561188,sad
613.0204355716705,sad
613.1126883029938,sad
613.2089557647705,sad
613.3002254962921,sad
613.3963541984558,sad
613.4934694766998,sad
613.5875906944275,sad
613.6852142810822,sad
613.7780964374542,sad
613.8682196140289,sad
613.958818435669,sad
614.0564422607422,sad
614.1484096050262,sad
614.2395489215851,sad
614.3306691646576,sad
614.4297986030579,sad
614.523928642273,sad
614.6100187301636,sad
614.6989831924438,sad
614.8001000881195,sad
614.8905627727509,sad
614.9799058437347,sad
615.0695152282715,sad
616.0837647914886,neutral
616.1833925247192,neutral
616.6987099647522,neutral
616.7938668727875,neutral
616.8955109119415,neutral
616.9874269962311,sad
617.2719016075134,neutral
617.3768322467804,sad
617.6722636222839,neutral
617.870011806488,neutral
618.2149574756622,sad
618.3078744411469,sad
618.6967532634735,sad
618.79438996315,sad
618.8851459026337,sad
618.9917800426483,sad
619.1805772781372,sad
619.270251750946,sad
619.363388299942,sad
619.4546039104462,sad
619.545825958252,sad
619.6349830627441,sad
619.7321622371674,sad
620.2768309116364,neutral
621.1825060844421,neutral
621.7563226222992,neutral
621.9586198329926,neutral
622.06427693367,neutral
622.2615497112274,neutral
622.4683849811554,neutral
622.5700659751892,neutral
622.7469606399536,neutral
622.856041431427,neutral
623.003696680069,neutral
623.1001267433167,neutral
623.1973602771759,neutral
623.293536901474,neutral
623.385656118393,neutral
623.4697427749634,neutral
623.5704176425934,neutral
623.6731746196747,neutral
623.7816367149353,neutral
623.892404794693,neutral
624.0000813007355,neutral
624.1022708415985,neutral
624.2000987529755,neutral
624.2977828979492,neutral
624.392308473587,neutral
624.4902913570404,neutral
624.5940141677856,neutral
624.689154624939,neutral
624.9484493732452,neutral
625.0441472530365,neutral
625.1788234710693,neutral
625.2780215740204,neutral
625.3705883026123,neutral
625.473304271698,neutral
625.5617530345917,neutral
625.647721529007,neutral
625.7318642139435,neutral
625.8240056037903,neutral
626.1489427089691,neutral
626.3206627368927,neutral
626.4840550422668,neutral
626.7002756595612,neutral
626.8806476593018,neutral
627.083295583725,neutral
627.1806938648224,neutral
627.4779560565948,neutral
627.5716066360474,sad
627.674254655838,sad
629.4283559322357,sad
631.6517994403839,sad
631.7460567951202,sad
631.8359143733978,sad
631.9295568466187,sad
632.7626585960388,neutral
632.9508349895477,neutral
633.0504925251007,neutral
633.1476147174835,neutral
633.2301273345947,neutral
633.3122413158417,neutral
633.437020778656,neutral
634.1387884616852,neutral
634.233969449997,neutral
634.3195762634277,neutral
634.4116854667664,neutral
634.6539037227631,neutral
635.0175678730011,neutral
635.1973557472229,neutral
635.2870764732361,neutral
638.6193289756775,sad
638.713449716568,neutral
638.9091529846191,neutral
640.7300782203674,neutral
640.8853135108948,neutral
641.5300726890564,neutral
641.6247355937958,neutral
641.8259072303772,neutral
642.0117166042328,neutral
642.1008977890015,neutral
642.1940674781799,neutral
642.3865871429443,neutral
642.965146780014,neutral
643.0694742202759,neutral
643.2497382164001,neutral
643.5253531932831,neutral
643.915381193161,neutral
644.3372659683228,neutral
644.4299836158752,neutral
644.5201506614685,neutral
644.6205887794495,neutral
644.7182567119598,neutral
644.8081028461456,neutral
644.8987073898315,neutral
645.1048686504364,neutral
645.195451259613,neutral
645.2871241569519,neutral
645.3783371448517,neutral
645.4730801582336,neutral
645.5682995319366,neutral
645.6636438369751,neutral
645.765807390213,neutral
645.8584291934967,neutral
645.9590818881989,neutral
646.0523438453674,neutral
646.1517114639282,neutral
646.2538192272186,neutral
646.3445637226105,neutral
646.4360423088074,neutral
646.5351541042328,neutral
646.623918056488,neutral
646.725040435791,neutral
646.8231563568115,neutral
646.9178230762482,neutral
647.009158372879,neutral
647.1033153533936,neutral
647.1959207057953,neutral
647.2960567474365,neutral
647.387213230133,neutral
647.4818432331085,neutral
647.575971364975,neutral
647.6751825809479,neutral
647.774825334549,neutral
647.8784704208374,neutral
647.9871046543121,neutral
648.0807387828827,neutral
648.1798872947693,neutral
648.2949092388153,neutral
648.3970472812653,neutral
648.4966771602631,neutral
648.5887951850891,neutral
648.8802361488342,neutral
649.1738109588623,sad
649.2709650993347,sad
649.3741352558136,sad
649.4767944812775,sad
649.5722649097443,sad
649.6608595848083,sad
649.751571893692,sad
649.8351330757141,sad
649.9222526550293,sad
650.0173897743225,sad
650.1048860549927,sad
650.1948232650757,sad
650.2815418243408,sad
650.3756639957428,sad
650.4742860794067,sad
650.5701234340668,sad
650.6697182655334,sad
650.7703592777252,sad
650.8644819259644,sad
650.9620950222015,sad
651.0669240951538,sad
651.1584122180939,sad
651.3777632713318,neutral
651.488005399704,neutral
651.5802137851715,neutral
651.6818063259125,neutral
651.7764813899994,neutral
651.874725818634,neutral
651.9739594459534,neutral
652.0801689624786,neutral
652.1768329143524,neutral
652.266813993454,neutral
652.36749792099,neutral
652.4734644889832,neutral
652.574013710022,neutral
652.6718015670776,neutral
652.7749879360199,neutral
652.8756186962128,neutral
652.9710490703583,neutral
653.0647268295288,neutral
653.1693596839905,neutral
653.2764959335327,neutral
653.3685669898987,neutral
653.4616787433624,neutral
653.5608730316162,neutral
653.6647615432739,neutral
653.7588655948639,neutral
653.8542330265045,neutral
653.9468848705292,neutral
654.0425264835358,neutral
654.1451671123505,neutral
654.2392930984497,neutral
654.3369405269623,neutral
654.4395706653595,neutral
654.541038274765,neutral
654.6482172012329,neutral
654.9407775402069,neutral
655.0419220924377,neutral
655.2258207798004,neutral
655.3176398277283,neutral
655.4108946323395,neutral
655.5045692920685,neutral
655.7977442741394,sad
656.0731792449951,sad
656.3508968353271,sad
656.5687808990479,sad
656.6639068126678,sad
656.7660746574402,sad
656.8545165061951,sad
656.9438450336456,sad
657.4998579025269,neutral
658.3838038444519,neutral
658.7754564285278,sad
658.8645753860474,sad
659.0607213973999,sad
660.1488540172577,neutral
660.2451798915863,neutral
660.3318092823029,neutral
660.4199175834656,neutral
660.5105199813843,neutral
660.5981779098511,neutral
660.6889786720276,neutral
660.7831609249115,neutral
660.8836297988892,neutral
660.9737553596497,neutral
661.0774083137512,neutral
661.1665241718292,neutral
661.2566454410553,neutral
661.3522593975067,neutral
661.4434034824371,neutral
661.5405964851379,neutral
661.6304821968079,neutral
661.7121126651764,neutral
661.8047304153442,neutral
661.8902835845947,neutral
661.9784095287323,neutral
662.0720286369324,neutral
662.34814286232,neutral
662.4372472763062,neutral
662.5231852531433,neutral
662.611781835556,neutral
662.8773198127747,neutral
662.9644248485565,neutral
663.0459561347961,neutral
663.2216250896454,neutral
663.3270778656006,neutral
663.4102051258087,neutral
663.5003206729889,neutral
663.5884485244751,neutral
663.6773052215576,neutral
663.7704455852509,neutral
663.8582353591919,neutral
663.9468805789948,neutral
664.0340986251831,neutral
664.1203138828278,neutral
664.4606795310974,neutral
664.5489869117737,neutral
664.6319975852966,neutral
665.7438795566559,neutral
665.8315813541412,neutral
665.920661687851,neutral
666.3024382591248,sad
666.3874650001526,sad
666.5485322475433,sad
666.632486820221,neutral
668.93053150177,neutral
669.0261690616608,neutral
669.1164228916168,neutral
669.2085943222046,neutral
669.7251763343811,neutral
670.1147096157074,neutral
670.2116763591766,neutral
670.3050367832184,neutral
670.5884346961975,neutral
670.6815674304962,neutral
670.7675864696503,neutral
670.8692274093628,neutral
670.9645848274231,neutral
671.0567948818207,neutral
671.1477429866791,neutral
671.2864151000977,neutral
671.5263211727142,neutral
671.6248753070831,neutral
671.7215144634247,neutral
671.8171663284302,neutral
671.9137930870056,neutral
673.5223944187164,neutral
673.620020866394,neutral
673.7096183300018,neutral
673.8093011379242,neutral
673.8999226093292,neutral
673.9896569252014,neutral
674.0802705287933,neutral
674.5744574069977,neutral
674.6816515922546,neutral
674.8395595550537,neutral
677.7217690944672,neutral
677.836254119873,neutral
678.0794405937195,neutral
678.3706495761871,sad
678.5555944442749,neutral
680.178893327713,neutral
680.2805426120758,neutral
680.3801777362823,neutral
680.4803328514099,neutral
680.5837371349335,neutral
680.6803674697876,neutral
680.7898256778717,neutral
680.887974023819,neutral
680.9887936115265,neutral
681.1018772125244,neutral
681.2617194652557,neutral
681.3634474277496,neutral
681.4666106700897,neutral
682.8796889781952,neutral
682.9748373031616,neutral
683.3037011623383,sad
683.4853737354279,sad
683.88955950737,neutral
684.1244232654572,neutral
684.2131581306458,neutral
684.3118736743927,neutral
684.4101917743683,neutral
684.5066723823547,neutral
684.9502129554749,neutral
685.0415947437286,neutral
685.1402578353882,neutral
685.2254519462585,neutral
685.3165690898895,neutral
685.4056935310364,neutral
685.4966540336609,neutral
685.5877785682678,neutral
686.4023478031158,sad
686.5921313762665,sad
686.6807787418365,sad
686.9437000751495,neutral
687.0388150215149,neutral
687.2148859500885,neutral
687.6655123233795,neutral
687.8403120040894,neutral
687.9347994327545,neutral
688.2217648029327,sad
688.6766922473907,sad
689.1433260440826,neutral
689.3242723941803,neutral
689.4208903312683,neutral
689.51052069664,neutral
689.5971384048462,neutral
689.7879111766815,neutral
689.8735382556915,neutral
689.9587750434875,neutral
690.044989824295,neutral
690.1310274600983,neutral
690.4103372097015,sad
690.4994699954987,sad
690.5856969356537,sad
690.6733250617981,sad
690.8636329174042,sad
691.0397493839264,sad
691.1278614997864,sad
691.2139873504639,sad
691.3050863742828,sad
691.3972351551056,sad
691.5804479122162,sad
691.6736688613892,sad
691.7668206691742,sad
691.9401671886444,sad
692.0302968025208,sad
692.120453119278,sad
692.2105891704559,sad
692.3102326393127,sad
692.3993635177612,sad
692.4854691028595,sad
692.5791552066803,sad
692.6748259067535,sad
692.7601671218872,sad
692.8653490543365,sad
692.9509422779083,sad
693.049144744873,sad
693.135302066803,sad
693.2284443378448,sad
693.5231533050537,sad
693.6117959022522,sad
693.7006206512451,sad
693.7972619533539,sad
693.8939480781555,sad
693.9925715923309,sad
694.0897035598755,sad
694.2302079200745,sad
694.3255372047424,sad
694.4197909832001,sad
694.5976748466492,sad
695.0833330154419,sad
695.549745798111,sad
695.6434016227722,sad
696.6754205226898,neutral
696.7585179805756,neutral
696.8405277729034,neutral
696.9376735687256,neutral
697.0364019870758,neutral
697.1365458965302,neutral
697.2346217632294,neutral
697.3300757408142,neutral
697.4182460308075,neutral
697.5158994197845,neutral
697.6102652549744,neutral
697.7070224285126,neutral
697.800173997879,neutral
697.8883225917816,neutral
698.6188530921936,neutral
698.7069623470306,neutral
698.8061058521271,neutral
699.0135011672974,sad
699.1161653995514,sad
699.2243220806122,sad
699.316171169281,sad
699.6069874763489,sad
700.0684750080109,neutral
700.1677148342133,neutral
700.2703835964203,neutral
700.3635151386261,neutral
700.4644377231598,neutral
700.5605664253235,neutral
700.6617162227631,neutral
700.7473340034485,sad
700.8418209552765,sad
700.9294536113739,sad
701.4358856678009,sad
701.7289447784424,sad
701.8321051597595,sad
701.9210126399994,sad
702.0182435512543,sad
702.1103632450104,sad
702.2110822200775,sad
702.301700592041,sad
702.3988366127014,sad
703.2049925327301,neutral
703.297132730484,neutral
703.4893913269043,sad
703.7561638355255,neutral
703.8472940921783,neutral
703.9364132881165,neutral
704.0255212783813,neutral
704.1163740158081,neutral
704.3787655830383,neutral
704.4653725624084,neutral
704.5546696186066,neutral
704.6441252231598,neutral
704.733736038208,neutral
704.9271006584167,neutral
705.0202217102051,neutral
705.1174578666687,neutral
705.203421831131,neutral
705.3018870353699,neutral
705.3864946365356,neutral
705.7253572940826,neutral
705.8101487159729,neutral
705.8966448307037,neutral
706.4636023044586,happy
706.5570480823517,happy
708.2308554649353,happy
708.3167340755463,happy
709.4532644748688,sad
710.645813703537,neutral
710.7366497516632,neutral
710.8278365135193,neutral
711.1264832019806,neutral
711.2166154384613,neutral
711.3062949180603,neutral
711.3921675682068,neutral
711.4833126068115,neutral
711.814346075058,neutral
712.0301923751831,neutral
712.1732449531555,neutral
712.2758858203888,neutral
712.4274501800537,neutral
712.5336170196533,neutral
712.6257708072662,neutral
713.7422170639038,sad
713.8284215927124,sad
714.9919064044952,sad
715.0825295448303,sad
715.1701810359955,sad
715.2602078914642,sad
715.3440656661987,sad
715.428938627243,sad
716.8574676513672,neutral
716.9582781791687,neutral
717.052568435669,neutral
717.1474502086639,neutral
717.4239795207977,neutral
717.5156025886536,neutral
717.6484789848328,neutral
717.747133731842,neutral
717.8307416439056,neutral
717.9154305458069,neutral
718.0035512447357,neutral
718.0966794490814,neutral
718.1940271854401,neutral
718.2846601009369,neutral
718.3767931461334,neutral
718.4604313373566,neutral
718.5495586395264,neutral
718.803985118866,neutral
718.8882517814636,neutral
718.9788737297058,neutral
719.0660066604614,neutral
719.4255454540253,sad
719.5196874141693,sad
719.6182706356049,sad
719.7119715213776,sad
719.8081018924713,sad
720.2208235263824,sad
720.3079442977905,sad
720.4001355171204,sad
720.4954197406769,sad
720.6291604042053,sad
720.7130553722382,sad
720.7986588478088,sad
720.9373481273651,sad
721.0701749324799,sad
721.5217361450195,neutral
721.6090176105499,neutral
723.0472638607025,sad
725.1204648017883,neutral
725.2547769546509,neutral
725.3956470489502,neutral
725.5774757862091,sad
725.8905341625214,sad
725.9905393123627,sad
726.0904862880707,sad
726.2285974025726,sad
726.7556374073029,sad
726.8532857894897,sad
727.1401228904724,sad
727.2333607673645,sad
727.3270201683044,sad
727.6391868591309,sad
727.9046189785004,sad
728.1232163906097,sad
728.2065329551697,sad
728.5088295936584,neutral
729.6701257228851,sad
729.7577748298645,sad
729.9782917499542,sad
730.0761041641235,sad
730.1687633991241,sad
730.490110874176,sad
730.6263220310211,sad
730.7125020027161,sad
730.9898152351379,neutral
731.2108225822449,neutral
732.8421635627747,neutral
732.93230509758,neutral
733.1145670413971,neutral
733.2117512226105,neutral
733.4325318336487,neutral
733.528302192688,neutral
733.6209328174591,neutral
733.9023766517639,neutral
734.6866006851196,neutral
734.8779139518738,sad
735.5386760234833,neutral
735.633935213089,neutral
735.728054523468,sad
735.9034931659698,neutral
735.985985994339,neutral
736.0741288661957,neutral
736.2490346431732,neutral
736.3381545543671,neutral
736.7024674415588,sad
737.7239346504211,neutral
737.8128139972687,neutral
738.094975233078,neutral
738.1835784912109,neutral
738.6094481945038,sad
738.7321834564209,sad
738.8218560218811,sad
738.9100382328033,sad
739.006710767746,sad
739.1038203239441,sad
739.1934287548065,neutral
739.5185759067535,sad
739.7918486595154,neutral
739.9375429153442,neutral
740.3660252094269,neutral
740.4541411399841,neutral
740.5377495288849,neutral
740.6392104625702,neutral
740.7842721939087,neutral
740.8699123859406,neutral
740.9590606689453,neutral
741.0859453678131,neutral
741.1817650794983,neutral
741.269590139389,neutral
741.4550974369049,neutral
741.5404977798462,neutral
741.6296417713165,neutral
741.7278563976288,neutral
741.8161957263947,neutral
741.914304971695,neutral
742.0195624828339,neutral
742.8139021396637,neutral
743.6184856891632,neutral
743.8588645458221,neutral
743.9489996433258,neutral
744.0436496734619,neutral
